id,conversation_id,created_at,date,time,timezone,user_id,username,name,place,tweet,mentions,urls,photos,replies_count,retweets_count,likes_count,hashtags,cashtags,link,retweet,quote_url,video,near,geo,source,user_rt_id,user_rt,retweet_id,reply_to,retweet_date,translate,trans_src,trans_dest
885771467585187840,885771467585187840,1500019349000,2017-07-14,11:02:29,?aeianei? ?na GTB,767032548,irishglam_girl,The_Mystic_with_Lipstick,,Literally how I feel all the time lately...#depressed #overwhelmed #anxious pic.twitter.com/ICnUHLJlKB,[],[],[],0,0,0,"['#depressed', '#overwhelmed', '#anxious']",[],https://twitter.com/IrishGLAM_girl/status/885771467585187840,False,,1,,,,,,,"[{'user_id': '767032548', 'username': 'IrishGLAM_girl'}]",,,,
1086058932861317122,1086046783942344704,1547771602000,2019-01-18,02:33:22,?aeianei? ?na GTB,29431996,patricklsimpson,Patrick Simpson,,"12: Most Importantly though? Iâ€™ve struggled with Moderate depression/ptsd my entire life and Iâ€™m happy now.

Seriously, if youâ€™re #Depressed or sad and feel hopeless...talk to your doctor or find a shrink or both. 

It might take some trial and error but just try it.",[],[],[],1,3,47,['#depressed'],[],https://twitter.com/patrickLSimpson/status/1086058932861317122,False,,0,,,,,,,"[{'user_id': '29431996', 'username': 'patrickLSimpson'}]",,,,
1056714943549063169,1056714943549063169,1540775450000,2018-10-29,03:10:50,?aeianei? ?na GTB,1055180073811230721,realjordansimon,Jordan Simon,,"Know the warning signs of suicide.

#SuicidePrevention #SuicideAwareness #depression #depressed #DepressionIsReal #mentalhealth pic.twitter.com/2qGb3GNXku",[],[],['https://pbs.twimg.com/media/Dqo0ch5WwAUmSwe.jpg'],3,6,12,"['#suicideprevention', '#suicideawareness', '#depression', '#depressed', '#depressionisreal', '#mentalhealth']",[],https://twitter.com/RealJordanSimon/status/1056714943549063169,False,,0,,,,,,,"[{'user_id': '1055180073811230721', 'username': 'RealJordanSimon'}]",,,,
1075516985939615745,1075516985939615745,1545258206000,2018-12-20,00:23:26,?aeianei? ?na GTB,1005448194476597248,mandytremmy,Mandy Tremelling,,"The Arts (all kinds: written, spoken, visual, etc) are over saturated with people who are #depressed and #anxious. 

I think I understand why. 

Every day we sit and create worlds which seem to be perfect. And we leave those worlds to live in one very Imperfect.
#WritingCommunity",[],[],[],0,1,2,"['#depressed', '#anxious', '#writingcommunity']",[],https://twitter.com/MandyTremmy/status/1075516985939615745,False,,0,,,,,,,"[{'user_id': '1005448194476597248', 'username': 'MandyTremmy'}]",,,,
1143157622943580162,1143157622943580162,1561384990000,2019-06-24,17:03:10,?aeianei? ?na GTB,406750558,moxiepie,Moxie,,#Depressed,[],[],[],0,0,0,['#depressed'],[],https://twitter.com/MoxiePie/status/1143157622943580162,False,,0,,,,,,,"[{'user_id': '406750558', 'username': 'MoxiePie'}]",,,,
249576630484353024,249576630484353024,1348338680000,2012-09-22,21:31:20,?aeianei? ?na GTB,18347002,clarissareverie,rissa,,It isn't even fair how beautiful some people are. #depressed,[],[],[],1,0,0,['#depressed'],[],https://twitter.com/clarissareverie/status/249576630484353024,False,,0,,,,,,,"[{'user_id': '18347002', 'username': 'clarissareverie'}]",,,,
208763775577358336,208763418642092033,1338608137000,2012-06-02,06:35:37,?aeianei? ?na GTB,467065308,lynn_f_word,Lost,,@NiallOfficial couldn't go ..:/ #depressed,['niallofficial'],[],[],0,0,0,['#depressed'],[],https://twitter.com/Lynn_f_word/status/208763775577358336,False,,0,,,,,,,"[{'user_id': '467065308', 'username': 'Lynn_f_word'}, {'user_id': '105119490', 'username': 'NiallOfficial'}]",,,,
945394790799151104,945394790799151104,1514234657000,2017-12-25,22:44:17,?aeianei? ?na GTB,481353768,betterwithoilz,J.G.,,"Everything that could go wrong this year, has. I ont know what to do or how to feel. #aloneforchristmas #depressed #seroiuslywhy #whatsnext",[],[],[],1,0,1,"['#aloneforchristmas', '#depressed', '#seroiuslywhy', '#whatsnext']",[],https://twitter.com/betterwithoilz/status/945394790799151104,False,,0,,,,,,,"[{'user_id': '481353768', 'username': 'betterwithoilz'}]",,,,
1086058932861317122,1086046783942344704,1547771602000,2019-01-18,02:33:22,?aeianei? ?na GTB,29431996,patricklsimpson,Patrick Simpson,,"12: Most Importantly though? Iâ€™ve struggled with Moderate depression/ptsd my entire life and Iâ€™m happy now.

Seriously, if youâ€™re #Depressed or sad and feel hopeless...talk to your doctor or find a shrink or both. 

It might take some trial and error but just try it.",[],[],[],1,3,47,['#depressed'],[],https://twitter.com/patrickLSimpson/status/1086058932861317122,False,,0,,,,,,,"[{'user_id': '29431996', 'username': 'patrickLSimpson'}]",,,,
740263703539548160,740263703539548160,1465327595000,2016-06-07,22:26:35,?aeianei? ?na GTB,4213648994,davinalytle,Davina Lytle,,Interesting @DrArunShanti - thanks for the follow! #depressed  https://twitter.com/DrArunShanti/status/740191716368601088Â â€¦,[],['https://twitter.com/DrArunShanti/status/740191716368601088'],[],0,0,0,['#depressed'],[],https://twitter.com/davinalytle/status/740263703539548160,False,,0,,,,,,,"[{'user_id': '4213648994', 'username': 'davinalytle'}]",,,,
1089236442121932800,1089236442121932800,1548529179000,2019-01-26,20:59:39,?aeianei? ?na GTB,912900908555653120,scretladyspider,Elle Rose ðŸ¦Š,,"Uh... Dude... My dude... My pal.. just... I was taught to be ashamed of being #depressed, #suicidal, mentally ill, and physically ill, and those things aren't ""lifestyles"". (Neither is homosexuality, but, yeah.) Just. Wow. #mentalillness #ExposeChristianSchools https://twitter.com/BethMcCall84/status/1086691296956297216Â â€¦",[],['https://twitter.com/BethMcCall84/status/1086691296956297216'],[],1,14,33,"['#depressed', '#suicidal', '#mentalillness', '#exposechristianschools']",[],https://twitter.com/scretladyspider/status/1089236442121932800,False,https://twitter.com/BethMcCall84/status/1086691296956297216,0,,,,,,,"[{'user_id': '912900908555653120', 'username': 'scretladyspider'}]",,,,
999444174406549504,999444174406549504,1527121034000,2018-05-24,03:17:14,?aeianei? ?na GTB,912900908555653120,scretladyspider,Elle Rose ðŸ¦Š,,Here is a bee butt for anyone who feels #depressed or #alone tonight pic.twitter.com/Mqfyc8td4E,[],[],['https://pbs.twimg.com/media/Dd69La7UwAAxDXM.jpg'],0,2,14,"['#depressed', '#alone']",[],https://twitter.com/scretladyspider/status/999444174406549504,False,,0,,,,,,,"[{'user_id': '912900908555653120', 'username': 'scretladyspider'}]",,,,
975077055678308352,975077055678308352,1521311460000,2018-03-17,20:31:00,?aeianei? ?na GTB,962432415619862528,aptsdaofficial,APTSDA,,#PTSD #MentalHealthAwareness #Isolation #depressed  pic.twitter.com/y9xnvZzZ8Q,[],[],['https://pbs.twimg.com/media/DYgrZuhVQAIeCfJ.jpg'],0,0,0,"['#ptsd', '#mentalhealthawareness', '#isolation', '#depressed']",[],https://twitter.com/APTSDAOfficial/status/975077055678308352,False,,0,,,,,,,"[{'user_id': '962432415619862528', 'username': 'APTSDAOfficial'}]",,,,
971399858664898561,971399858664898561,1520434748000,2018-03-07,16:59:08,?aeianei? ?na GTB,962432415619862528,aptsdaofficial,APTSDA,,Well said! #ptsd #aptsda #isolation #depressed #mentalhealth #mentalhealthquotes  https://www.instagram.com/p/BgBrXhLnbq4/Â ,[],['https://www.instagram.com/p/BgBrXhLnbq4/'],[],0,0,1,"['#ptsd', '#aptsda', '#isolation', '#depressed', '#mentalhealth', '#mentalhealthquotes']",[],https://twitter.com/APTSDAOfficial/status/971399858664898561,False,,0,,,,,,,"[{'user_id': '962432415619862528', 'username': 'APTSDAOfficial'}]",,,,
878137310960902144,878137310960902144,1498199224000,2017-06-23,09:27:04,?aeianei? ?na GTB,2755588185,neversaididid,Miss Nat,,Feeling #depressed @bt_uk thanks for getting me overdrawn when I changed my payment date to last working day of the month ðŸ˜¡ðŸ˜¡ @BTGroup,"['bt_uk', 'btgroup']",[],[],0,0,0,['#depressed'],[],https://twitter.com/NeversaidIdid/status/878137310960902144,False,,0,,,,,,,"[{'user_id': '2755588185', 'username': 'NeversaidIdid'}, {'user_id': '118750085', 'username': 'bt_uk'}, {'user_id': '517741511', 'username': 'BTGroup'}]",,,,
557672363421347842,557672363421347842,1421794427000,2015-01-21,00:53:47,?aeianei? ?na GTB,2755588185,neversaididid,Miss Nat,,"#depressed #YesYesYes ""(",[],[],[],0,0,0,"['#depressed', '#yesyesyes']",[],https://twitter.com/NeversaidIdid/status/557672363421347842,False,,0,,,,,,,"[{'user_id': '2755588185', 'username': 'NeversaidIdid'}]",,,,
511938593603203072,511938593603203072,1410890646000,2014-09-16,21:04:06,?aeianei? ?na GTB,2755588185,neversaididid,Miss Nat,,The horrible moment you weigh yourself and realise you have gained over a stone in a year #sad #depressed #weightgain #lowmood,[],[],[],0,0,0,"['#sad', '#depressed', '#weightgain', '#lowmood']",[],https://twitter.com/NeversaidIdid/status/511938593603203072,False,,0,,,,,,,"[{'user_id': '2755588185', 'username': 'NeversaidIdid'}]",,,,
1009213627067457536,1009213627067457536,1529450253000,2018-06-20,02:17:33,?aeianei? ?na GTB,4879174138,beyondyourpast,Matthew Pappas,,"Feeling miserable doesnâ€™t punish others, only ourselves. Read more >>  http://bit.ly/2neQY3bÂ  #Miserable #MentalHealth #Depressed  pic.twitter.com/xbGgbF1dfd",[],['http://bit.ly/2neQY3b'],['https://pbs.twimg.com/media/DgFycJeWAAAGl5u.jpg'],0,0,0,"['#miserable', '#mentalhealth', '#depressed']",[],https://twitter.com/BeyondYourPast/status/1009213627067457536,False,,0,,,,,,,"[{'user_id': '4879174138', 'username': 'BeyondYourPast'}]",,,,
1000206322325970944,1000206322325970944,1527302744000,2018-05-26,05:45:44,?aeianei? ?na GTB,4879174138,beyondyourpast,Matthew Pappas,,"Feeling miserable doesnâ€™t punish others, only ourselves. Read more >>  http://bit.ly/2neQY3bÂ  #Miserable #MentalHealth #Depressed  pic.twitter.com/xpKvmA5mf1",[],['http://bit.ly/2neQY3b'],['https://pbs.twimg.com/media/DeFyWCWXUAAr1hh.jpg'],0,2,3,"['#miserable', '#mentalhealth', '#depressed']",[],https://twitter.com/BeyondYourPast/status/1000206322325970944,False,,0,,,,,,,"[{'user_id': '4879174138', 'username': 'BeyondYourPast'}]",,,,
991475550878420992,991475550878420992,1525221166000,2018-05-02,03:32:46,?aeianei? ?na GTB,4879174138,beyondyourpast,Matthew Pappas,,"Feeling miserable doesnâ€™t punish others, only ourselves. Read more >>  http://bit.ly/2neQY3bÂ  #Miserable #MentalHealth #Depressed  pic.twitter.com/ore7vSMz61",[],['http://bit.ly/2neQY3b'],['https://pbs.twimg.com/media/DcJtwTKWkAAehpO.jpg'],0,0,0,"['#miserable', '#mentalhealth', '#depressed']",[],https://twitter.com/BeyondYourPast/status/991475550878420992,False,,0,,,,,,,"[{'user_id': '4879174138', 'username': 'BeyondYourPast'}]",,,,
983108280875671552,983108280875671552,1523226254000,2018-04-09,01:24:14,?aeianei? ?na GTB,4879174138,beyondyourpast,Matthew Pappas,,"Feeling miserable doesnâ€™t punish others, only ourselves. Read more >>  http://bit.ly/2neQY3bÂ  #Miserable #MentalHealth #Depressed  pic.twitter.com/GlrrJKvFTT",[],['http://bit.ly/2neQY3b'],['https://pbs.twimg.com/media/DaSzxCrWAAAmybm.jpg'],0,0,0,"['#miserable', '#mentalhealth', '#depressed']",[],https://twitter.com/BeyondYourPast/status/983108280875671552,False,,0,,,,,,,"[{'user_id': '4879174138', 'username': 'BeyondYourPast'}]",,,,
974786901050880000,974786901050880000,1521242282000,2018-03-17,01:18:02,?aeianei? ?na GTB,4879174138,beyondyourpast,Matthew Pappas,,"Feeling miserable doesnâ€™t punish others, only ourselves. Read more >>  http://bit.ly/2neQY3bÂ  #Miserable #MentalHealth #Depressed  pic.twitter.com/1xEf0jIXsa",[],['http://bit.ly/2neQY3b'],['https://pbs.twimg.com/media/DYcjg-XXcAEAs0k.jpg'],0,0,1,"['#miserable', '#mentalhealth', '#depressed']",[],https://twitter.com/BeyondYourPast/status/974786901050880000,False,,0,,,,,,,"[{'user_id': '4879174138', 'username': 'BeyondYourPast'}]",,,,
967557992626442240,967557992626442240,1519518776000,2018-02-25,02:32:56,?aeianei? ?na GTB,4879174138,beyondyourpast,Matthew Pappas,,"Feeling miserable doesnâ€™t punish others, only ourselves. Read more >>  http://bit.ly/2neQY3bÂ  #Miserable #MentalHealth #Depressed  pic.twitter.com/YJsi9VqEmt",[],['http://bit.ly/2neQY3b'],['https://pbs.twimg.com/media/DW103MIX0AASAJQ.jpg'],0,0,0,"['#miserable', '#mentalhealth', '#depressed']",[],https://twitter.com/BeyondYourPast/status/967557992626442240,False,,0,,,,,,,"[{'user_id': '4879174138', 'username': 'BeyondYourPast'}]",,,,
960244373077331970,960244373077331970,1517775073000,2018-02-04,22:11:13,?aeianei? ?na GTB,4879174138,beyondyourpast,Matthew Pappas,,"Feeling miserable doesnâ€™t punish others, only ourselves. Read more >>  http://bit.ly/2neQY3bÂ  #Miserable #MentalHealth #Depressed  pic.twitter.com/pY37cKMwd9",[],['http://bit.ly/2neQY3b'],['https://pbs.twimg.com/media/DVN5KPYUMAE0TA9.jpg'],0,0,0,"['#miserable', '#mentalhealth', '#depressed']",[],https://twitter.com/BeyondYourPast/status/960244373077331970,False,,0,,,,,,,"[{'user_id': '4879174138', 'username': 'BeyondYourPast'}]",,,,
952667859280449536,952667859280449536,1515968692000,2018-01-15,00:24:52,?aeianei? ?na GTB,4879174138,beyondyourpast,Matthew Pappas,,"Feeling miserable doesnâ€™t punish others, only ourselves. Read more >>  http://bit.ly/2neQY3bÂ  #Miserable #MentalHealth #Depressed  pic.twitter.com/Y2iBsKC2Xo",[],['http://bit.ly/2neQY3b'],['https://pbs.twimg.com/media/DTiOXFpVwAAyVbN.jpg'],0,0,0,"['#miserable', '#mentalhealth', '#depressed']",[],https://twitter.com/BeyondYourPast/status/952667859280449536,False,,0,,,,,,,"[{'user_id': '4879174138', 'username': 'BeyondYourPast'}]",,,,
945371238716846081,945371238716846081,1514229042000,2017-12-25,21:10:42,?aeianei? ?na GTB,4879174138,beyondyourpast,Matthew Pappas,,"Feeling miserable doesnâ€™t punish others, only ourselves. Read more >>  http://bit.ly/2neQY3bÂ  #Miserable #MentalHealth #Depressed  pic.twitter.com/cpaXbKGye8",[],['http://bit.ly/2neQY3b'],['https://pbs.twimg.com/media/DR6iH8oU8AAQISk.jpg'],0,0,0,"['#miserable', '#mentalhealth', '#depressed']",[],https://twitter.com/BeyondYourPast/status/945371238716846081,False,,0,,,,,,,"[{'user_id': '4879174138', 'username': 'BeyondYourPast'}]",,,,
938534592218267648,938534592218267648,1512599058000,2017-12-07,00:24:18,?aeianei? ?na GTB,4879174138,beyondyourpast,Matthew Pappas,,"Feeling miserable doesnâ€™t punish others, only ourselves. Read more >>  http://bit.ly/2neQY3bÂ  #Miserable #MentalHealth #Depressed  pic.twitter.com/sPVVzdzU0l",[],['http://bit.ly/2neQY3b'],['https://pbs.twimg.com/media/DQZYPF5U8AMDk6d.jpg'],0,1,0,"['#miserable', '#mentalhealth', '#depressed']",[],https://twitter.com/BeyondYourPast/status/938534592218267648,False,,0,,,,,,,"[{'user_id': '4879174138', 'username': 'BeyondYourPast'}]",,,,
930956845614796800,930956845614796800,1510792382000,2017-11-16,02:33:02,?aeianei? ?na GTB,4879174138,beyondyourpast,Matthew Pappas,,"Feeling miserable doesnâ€™t punish others, only ourselves. Read more >>  http://bit.ly/2neQY3bÂ  #Miserable #MentalHealth #Depressed  pic.twitter.com/0J9XdVjh5t",[],['http://bit.ly/2neQY3b'],['https://pbs.twimg.com/media/DOtsUK-WAAADG1Z.jpg'],0,2,3,"['#miserable', '#mentalhealth', '#depressed']",[],https://twitter.com/BeyondYourPast/status/930956845614796800,False,,0,,,,,,,"[{'user_id': '4879174138', 'username': 'BeyondYourPast'}]",,,,
923613499540082688,923613499540082688,1509041592000,2017-10-26,21:13:12,?aeianei? ?na GTB,4879174138,beyondyourpast,Matthew Pappas,,"Depression, whatâ€™s the point of even trying anymore?  http://bit.ly/2lITH2JÂ  #depression #depressed #mentalhealth #anxiety pic.twitter.com/CFAC5jSzlS",[],['http://bit.ly/2lITH2J'],['https://pbs.twimg.com/media/DNFVlRoVwAARsBN.jpg'],1,1,3,"['#depression', '#depressed', '#mentalhealth', '#anxiety']",[],https://twitter.com/BeyondYourPast/status/923613499540082688,False,,0,,,,,,,"[{'user_id': '4879174138', 'username': 'BeyondYourPast'}]",,,,
922004206357241856,922004206357241856,1508657907000,2017-10-22,10:38:27,?aeianei? ?na GTB,4879174138,beyondyourpast,Matthew Pappas,,"Feeling miserable doesnâ€™t punish others, only ourselves. Read more >>  http://bit.ly/2neQY3bÂ  #Miserable #MentalHealth #Depressed  pic.twitter.com/C84wbPkzPU",[],['http://bit.ly/2neQY3b'],['https://pbs.twimg.com/media/DMud8CAXUAEzY2T.jpg'],0,2,3,"['#miserable', '#mentalhealth', '#depressed']",[],https://twitter.com/BeyondYourPast/status/922004206357241856,False,,0,,,,,,,"[{'user_id': '4879174138', 'username': 'BeyondYourPast'}]",,,,
916017925416476677,916017925416476677,1507230666000,2017-10-05,22:11:06,?aeianei? ?na GTB,4879174138,beyondyourpast,Matthew Pappas,,"Depression, whatâ€™s the point of even trying anymore?  http://bit.ly/2lITH2JÂ  #depression #depressed #mentalhealth #anxiety pic.twitter.com/14gQWtqgyk",[],['http://bit.ly/2lITH2J'],['https://pbs.twimg.com/media/DLZZcpXWsAAF62U.jpg'],0,2,2,"['#depression', '#depressed', '#mentalhealth', '#anxiety']",[],https://twitter.com/BeyondYourPast/status/916017925416476677,False,,0,,,,,,,"[{'user_id': '4879174138', 'username': 'BeyondYourPast'}]",,,,
914756491856547840,914756491856547840,1506929917000,2017-10-02,10:38:37,?aeianei? ?na GTB,4879174138,beyondyourpast,Matthew Pappas,,"Feeling miserable doesnâ€™t punish others, only ourselves. Read more >>  http://bit.ly/2neQY3bÂ  #Miserable #MentalHealth #Depressed  pic.twitter.com/BpDGHK0teM",[],['http://bit.ly/2neQY3b'],['https://pbs.twimg.com/media/DLHeLf8WAAE16hB.jpg'],0,2,3,"['#miserable', '#mentalhealth', '#depressed']",[],https://twitter.com/BeyondYourPast/status/914756491856547840,False,,0,,,,,,,"[{'user_id': '4879174138', 'username': 'BeyondYourPast'}]",,,,
908497498351837185,908497498351837185,1505437657000,2017-09-15,04:07:37,?aeianei? ?na GTB,4879174138,beyondyourpast,Matthew Pappas,,"Depression, whatâ€™s the point of even trying anymore?  http://bit.ly/2lITH2JÂ  #depression #depressed #mentalhealth #anxiety pic.twitter.com/2kbg7xYZhV",[],['http://bit.ly/2lITH2J'],['https://pbs.twimg.com/media/DJuhqMuXkAA-gHj.jpg'],0,1,1,"['#depression', '#depressed', '#mentalhealth', '#anxiety']",[],https://twitter.com/BeyondYourPast/status/908497498351837185,False,,0,,,,,,,"[{'user_id': '4879174138', 'username': 'BeyondYourPast'}]",,,,
907508769504055296,907508769504055296,1505201926000,2017-09-12,10:38:46,?aeianei? ?na GTB,4879174138,beyondyourpast,Matthew Pappas,,"Feeling miserable doesnâ€™t punish others, only ourselves. Read more >>  http://bit.ly/2neQY3bÂ  #Miserable #MentalHealth #Depressed  pic.twitter.com/7SQXArxTwB",[],['http://bit.ly/2neQY3b'],['https://pbs.twimg.com/media/DJgeah_U8AAtkui.jpg'],1,4,5,"['#miserable', '#mentalhealth', '#depressed']",[],https://twitter.com/BeyondYourPast/status/907508769504055296,False,,0,,,,,,,"[{'user_id': '4879174138', 'username': 'BeyondYourPast'}]",,,,
901710547829346304,901710547829346304,1503819522000,2017-08-27,10:38:42,?aeianei? ?na GTB,4879174138,beyondyourpast,Matthew Pappas,,"Depression, whatâ€™s the point of even trying anymore?  http://bit.ly/2lITH2JÂ  #depression #depressed #mentalhealth #anxiety pic.twitter.com/hbrK2r5xpC",[],['http://bit.ly/2lITH2J'],['https://pbs.twimg.com/media/DIOE9oTWAAAEAR4.jpg'],0,1,2,"['#depression', '#depressed', '#mentalhealth', '#anxiety']",[],https://twitter.com/BeyondYourPast/status/901710547829346304,False,,0,,,,,,,"[{'user_id': '4879174138', 'username': 'BeyondYourPast'}]",,,,
900679535829581824,900679535829581824,1503573709000,2017-08-24,14:21:49,?aeianei? ?na GTB,4879174138,beyondyourpast,Matthew Pappas,,"Feeling miserable doesnâ€™t punish others, only ourselves. Read more >>  http://bit.ly/2neQY3bÂ  #Miserable #MentalHealth #Depressed  pic.twitter.com/U9a0aJ7nhA",[],['http://bit.ly/2neQY3b'],['https://pbs.twimg.com/media/DH_bQzcXsAA7WTj.jpg'],0,1,4,"['#miserable', '#mentalhealth', '#depressed']",[],https://twitter.com/BeyondYourPast/status/900679535829581824,False,,0,,,,,,,"[{'user_id': '4879174138', 'username': 'BeyondYourPast'}]",,,,
894955786237030400,894955786237030400,1502209061000,2017-08-08,19:17:41,?aeianei? ?na GTB,4879174138,beyondyourpast,Matthew Pappas,,"Depression, whatâ€™s the point of even trying anymore?  http://bit.ly/2lITH2JÂ  #depression #depressed #mentalhealth #anxiety pic.twitter.com/RMQzpqljGk",[],['http://bit.ly/2lITH2J'],['https://pbs.twimg.com/media/DGuFiz2XsAIUO7a.jpg'],0,1,1,"['#depression', '#depressed', '#mentalhealth', '#anxiety']",[],https://twitter.com/BeyondYourPast/status/894955786237030400,False,,0,,,,,,,"[{'user_id': '4879174138', 'username': 'BeyondYourPast'}]",,,,
893868721713930241,893868721713930241,1501949885000,2017-08-05,19:18:05,?aeianei? ?na GTB,4879174138,beyondyourpast,Matthew Pappas,,"Feeling miserable doesnâ€™t punish others, only ourselves. Read more >>  http://bit.ly/2neQY3bÂ  #Miserable #MentalHealth #Depressed  pic.twitter.com/GIRxzyDfwF",[],['http://bit.ly/2neQY3b'],['https://pbs.twimg.com/media/DGeo3P-V0AAl-0_.jpg'],0,0,2,"['#miserable', '#mentalhealth', '#depressed']",[],https://twitter.com/BeyondYourPast/status/893868721713930241,False,,0,,,,,,,"[{'user_id': '4879174138', 'username': 'BeyondYourPast'}]",,,,
888149762712764416,888149762712764416,1500586379000,2017-07-21,00:32:59,?aeianei? ?na GTB,4879174138,beyondyourpast,Matthew Pappas,,"Depression, whatâ€™s the point of even trying anymore?  http://bit.ly/2lITH2JÂ  #depression #depressed #mentalhealth #anxiety pic.twitter.com/FOK72F2nAQ",[],['http://bit.ly/2lITH2J'],['https://pbs.twimg.com/media/DFNXgGcXcAI3gcA.jpg'],0,1,2,"['#depression', '#depressed', '#mentalhealth', '#anxiety']",[],https://twitter.com/BeyondYourPast/status/888149762712764416,False,,0,,,,,,,"[{'user_id': '4879174138', 'username': 'BeyondYourPast'}]",,,,
887116720003067904,887116720003067904,1500340082000,2017-07-18,04:08:02,?aeianei? ?na GTB,4879174138,beyondyourpast,Matthew Pappas,,"Feeling miserable doesnâ€™t punish others, only ourselves. Read more >>  http://bit.ly/2neQY3bÂ  #Miserable #MentalHealth #Depressed  pic.twitter.com/b2JUXBX7HV",[],['http://bit.ly/2neQY3b'],['https://pbs.twimg.com/media/DE-r9A8XcAETpqo.jpg'],0,1,4,"['#miserable', '#mentalhealth', '#depressed']",[],https://twitter.com/BeyondYourPast/status/887116720003067904,False,,0,,,,,,,"[{'user_id': '4879174138', 'username': 'BeyondYourPast'}]",,,,
881672022937542656,881672022937542656,1499041965000,2017-07-03,03:32:45,?aeianei? ?na GTB,4879174138,beyondyourpast,Matthew Pappas,,"Depression, whatâ€™s the point of even trying anymore?  http://bit.ly/2lITH2JÂ  #depression #depressed #mentalhealth #anxiety pic.twitter.com/UY6da266vL",[],['http://bit.ly/2lITH2J'],['https://pbs.twimg.com/media/DDxUCDKWAAIOrNl.jpg'],2,3,9,"['#depression', '#depressed', '#mentalhealth', '#anxiety']",[],https://twitter.com/BeyondYourPast/status/881672022937542656,False,,0,,,,,,,"[{'user_id': '4879174138', 'username': 'BeyondYourPast'}]",,,,
880692147527319552,880692147527319552,1498808345000,2017-06-30,10:39:05,?aeianei? ?na GTB,4879174138,beyondyourpast,Matthew Pappas,,"Feeling miserable doesnâ€™t punish others, only ourselves. Read more >>  http://bit.ly/2neQY3bÂ  #Miserable #MentalHealth #Depressed  pic.twitter.com/5sQE0Uz5Ym",[],['http://bit.ly/2neQY3b'],['https://pbs.twimg.com/media/DDjY1w5XYAEN0wv.jpg'],0,2,2,"['#miserable', '#mentalhealth', '#depressed']",[],https://twitter.com/BeyondYourPast/status/880692147527319552,False,,0,,,,,,,"[{'user_id': '4879174138', 'username': 'BeyondYourPast'}]",,,,
875565032943243265,875565032943243265,1497585945000,2017-06-16,07:05:45,?aeianei? ?na GTB,4879174138,beyondyourpast,Matthew Pappas,,"Depression, whatâ€™s the point of even trying anymore?  http://bit.ly/2lITH2JÂ  #depression #depressed #mentalhealth #anxiety pic.twitter.com/YRJiBHgYvb",[],['http://bit.ly/2lITH2J'],['https://pbs.twimg.com/media/DCahwV6V0AAH9AA.jpg'],0,1,2,"['#depression', '#depressed', '#mentalhealth', '#anxiety']",[],https://twitter.com/BeyondYourPast/status/875565032943243265,False,,0,,,,,,,"[{'user_id': '4879174138', 'username': 'BeyondYourPast'}]",,,,
874662253890613251,874662253890613251,1497370706000,2017-06-13,19:18:26,?aeianei? ?na GTB,4879174138,beyondyourpast,Matthew Pappas,,"Feeling miserable doesnâ€™t punish others, only ourselves. Read more >>  http://bit.ly/2neQY3bÂ  #Miserable #MentalHealth #Depressed  pic.twitter.com/Jvt6QMZMHC",[],['http://bit.ly/2neQY3b'],['https://pbs.twimg.com/media/DCNsrqzWsAAen76.jpg'],0,2,5,"['#miserable', '#mentalhealth', '#depressed']",[],https://twitter.com/BeyondYourPast/status/874662253890613251,False,,0,,,,,,,"[{'user_id': '4879174138', 'username': 'BeyondYourPast'}]",,,,
869668004837158912,869668004837158912,1496179984000,2017-05-31,00:33:04,?aeianei? ?na GTB,4879174138,beyondyourpast,Matthew Pappas,,"Depression, whatâ€™s the point of even trying anymore?  http://bit.ly/2lITH2JÂ  #depression #depressed #mentalhealth #anxiety pic.twitter.com/hK1c4NkP9B",[],['http://bit.ly/2lITH2J'],['https://pbs.twimg.com/media/DBGucJGUQAETDDd.jpg'],0,0,1,"['#depression', '#depressed', '#mentalhealth', '#anxiety']",[],https://twitter.com/BeyondYourPast/status/869668004837158912,False,,0,,,,,,,"[{'user_id': '4879174138', 'username': 'BeyondYourPast'}]",,,,
868757803892183040,868757803892183040,1495962975000,2017-05-28,12:16:15,?aeianei? ?na GTB,4879174138,beyondyourpast,Matthew Pappas,,"Feeling miserable doesnâ€™t punish others, only ourselves. Read more >>  http://bit.ly/2neQY3bÂ  #Miserable #MentalHealth #Depressed  pic.twitter.com/JFFwwfluUT",[],['http://bit.ly/2neQY3b'],['https://pbs.twimg.com/media/DA5ynchWAAAvyEg.jpg'],0,1,1,"['#miserable', '#mentalhealth', '#depressed']",[],https://twitter.com/BeyondYourPast/status/868757803892183040,False,,0,,,,,,,"[{'user_id': '4879174138', 'username': 'BeyondYourPast'}]",,,,
863297427562004480,863297427562004480,1494661120000,2017-05-13,10:38:40,?aeianei? ?na GTB,4879174138,beyondyourpast,Matthew Pappas,,"Depression, whatâ€™s the point of even trying anymore?  http://bit.ly/2lITH2JÂ  #depression #depressed #mentalhealth #anxiety pic.twitter.com/NVhXTXgzi4",[],['http://bit.ly/2lITH2J'],['https://pbs.twimg.com/media/C_sMbzCUAAA2SBe.jpg'],1,1,0,"['#depression', '#depressed', '#mentalhealth', '#anxiety']",[],https://twitter.com/BeyondYourPast/status/863297427562004480,False,,0,,,,,,,"[{'user_id': '4879174138', 'username': 'BeyondYourPast'}]",,,,
863243798842834944,863243798842834944,1494648334000,2017-05-13,07:05:34,?aeianei? ?na GTB,4879174138,beyondyourpast,Matthew Pappas,,"Depression, whatâ€™s the point of even trying anymore?  http://bit.ly/2lITH2JÂ  #depression #depressed #mentalhealth #anxiety pic.twitter.com/Ct04F0eYlZ",[],['http://bit.ly/2lITH2J'],['https://pbs.twimg.com/media/C_rbqNbXgAEEtEW.jpg'],0,0,2,"['#depression', '#depressed', '#mentalhealth', '#anxiety']",[],https://twitter.com/BeyondYourPast/status/863243798842834944,False,,0,,,,,,,"[{'user_id': '4879174138', 'username': 'BeyondYourPast'}]",,,,
862317751041495040,862317751041495040,1494427547000,2017-05-10,17:45:47,?aeianei? ?na GTB,4879174138,beyondyourpast,Matthew Pappas,,"Feeling miserable doesnâ€™t punish others, only ourselves. Read more >>  http://bit.ly/2neQY3bÂ  #Miserable #MentalHealth #Depressed  pic.twitter.com/1jsXg2mTc3",[],['http://bit.ly/2neQY3b'],['https://pbs.twimg.com/media/C_eRbFiUMAAgcNU.jpg'],0,1,1,"['#miserable', '#mentalhealth', '#depressed']",[],https://twitter.com/BeyondYourPast/status/862317751041495040,False,,0,,,,,,,"[{'user_id': '4879174138', 'username': 'BeyondYourPast'}]",,,,
856799030856364032,856799030856364032,1493111782000,2017-04-25,12:16:22,?aeianei? ?na GTB,4879174138,beyondyourpast,Matthew Pappas,,"Depression, whatâ€™s the point of even trying anymore?  http://bit.ly/2lITH2JÂ  #depression #depressed #mentalhealth #anxiety pic.twitter.com/VOYVBoL5ls",[],['http://bit.ly/2lITH2J'],['https://pbs.twimg.com/media/C-P2LTxXgAAWrQE.jpg'],0,3,6,"['#depression', '#depressed', '#mentalhealth', '#anxiety']",[],https://twitter.com/BeyondYourPast/status/856799030856364032,False,,0,,,,,,,"[{'user_id': '4879174138', 'username': 'BeyondYourPast'}]",,,,
855876892813123584,855876892813123584,1492891927000,2017-04-22,23:12:07,?aeianei? ?na GTB,4879174138,beyondyourpast,Matthew Pappas,,"Feeling miserable doesnâ€™t punish others, only ourselves. Read more >>  http://bit.ly/2neQY3bÂ  #Miserable #MentalHealth #Depressed  pic.twitter.com/pVmxOzRcI3",[],['http://bit.ly/2neQY3b'],['https://pbs.twimg.com/media/C-CvfzDUMAAo2cD.jpg'],0,2,3,"['#miserable', '#mentalhealth', '#depressed']",[],https://twitter.com/BeyondYourPast/status/855876892813123584,False,,0,,,,,,,"[{'user_id': '4879174138', 'username': 'BeyondYourPast'}]",,,,
849686517979152384,849686517979152384,1491416026000,2017-04-05,21:13:46,?aeianei? ?na GTB,4879174138,beyondyourpast,Matthew Pappas,,"Feeling miserable doesnâ€™t punish others, only ourselves. Read more >>  http://bit.ly/2neQY3bÂ  #Miserable #MentalHealth #Depressed  pic.twitter.com/EkybH23F75",[],['http://bit.ly/2neQY3b'],['https://pbs.twimg.com/media/C8qxYirXsAMFr1k.jpg'],0,0,1,"['#miserable', '#mentalhealth', '#depressed']",[],https://twitter.com/BeyondYourPast/status/849686517979152384,False,,0,,,,,,,"[{'user_id': '4879174138', 'username': 'BeyondYourPast'}]",,,,
847822275890073601,847822275890073601,1490971557000,2017-03-31,17:45:57,?aeianei? ?na GTB,4879174138,beyondyourpast,Matthew Pappas,,"Depression, whatâ€™s the point of even trying anymore?  http://bit.ly/2lITH2JÂ  #depression #depressed #mentalhealth #anxiety",[],['http://bit.ly/2lITH2J'],[],0,6,3,"['#depression', '#depressed', '#mentalhealth', '#anxiety']",[],https://twitter.com/BeyondYourPast/status/847822275890073601,False,,0,,,,,,,"[{'user_id': '4879174138', 'username': 'BeyondYourPast'}]",,,,
843555737670422531,843555737670422531,1489954335000,2017-03-19,22:12:15,?aeianei? ?na GTB,4879174138,beyondyourpast,Matthew Pappas,,"Feeling miserable doesnâ€™t punish others, only ourselves. Read more >>  http://bit.ly/2neQY3bÂ  #Miserable #MentalHealth #Depressed  pic.twitter.com/SInTQpV6M8",[],['http://bit.ly/2neQY3b'],['https://pbs.twimg.com/media/C7TpeJeXgAIwY4E.jpg'],0,0,0,"['#miserable', '#mentalhealth', '#depressed']",[],https://twitter.com/BeyondYourPast/status/843555737670422531,False,,0,,,,,,,"[{'user_id': '4879174138', 'username': 'BeyondYourPast'}]",,,,
841713796565602304,841713796565602304,1489515182000,2017-03-14,20:13:02,?aeianei? ?na GTB,4879174138,beyondyourpast,Matthew Pappas,,"Depression, whatâ€™s the point of even trying anymore?  http://bit.ly/2lITH2JÂ  #depression #depressed #mentalhealth #anxiety pic.twitter.com/kasSmxj9Qz",[],['http://bit.ly/2lITH2J'],['https://pbs.twimg.com/media/C65ePHsV0AAqmCV.jpg'],0,2,3,"['#depression', '#depressed', '#mentalhealth', '#anxiety']",[],https://twitter.com/BeyondYourPast/status/841713796565602304,False,,0,,,,,,,"[{'user_id': '4879174138', 'username': 'BeyondYourPast'}]",,,,
837220477131182081,837220477131182081,1488443891000,2017-03-02,10:38:11,?aeianei? ?na GTB,4879174138,beyondyourpast,Matthew Pappas,,"Feeling miserable doesnâ€™t punish others, only ourselves. Read more >>  http://bit.ly/2lYZKokÂ  #Miserable #MentalHealth #Depressed #Punish pic.twitter.com/zBLRU5OxMA",[],['http://bit.ly/2lYZKok'],['https://pbs.twimg.com/media/C55nlfXWMAAiIwV.jpg'],0,1,2,"['#miserable', '#mentalhealth', '#depressed', '#punish']",[],https://twitter.com/BeyondYourPast/status/837220477131182081,False,,0,,,,,,,"[{'user_id': '4879174138', 'username': 'BeyondYourPast'}]",,,,
833983356782145536,833983356782145536,1487672101000,2017-02-21,12:15:01,?aeianei? ?na GTB,4879174138,beyondyourpast,Matthew Pappas,,"Depression, whatâ€™s the point of even trying anymore?  http://buff.ly/2lfk6ZIÂ  #depression #depressed #mentalhealth #anxiety pic.twitter.com/QoyHvbERzt",[],['http://buff.ly/2lfk6ZI'],['https://pbs.twimg.com/media/C5LncTDWcAACXtk.jpg'],0,2,4,"['#depression', '#depressed', '#mentalhealth', '#anxiety']",[],https://twitter.com/BeyondYourPast/status/833983356782145536,False,,0,,,,,,,"[{'user_id': '4879174138', 'username': 'BeyondYourPast'}]",,,,
885771467585187840,885771467585187840,1500019349000,2017-07-14,11:02:29,?aeianei? ?na GTB,767032548,irishglam_girl,The_Mystic_with_Lipstick,,Literally how I feel all the time lately...#depressed #overwhelmed #anxious pic.twitter.com/ICnUHLJlKB,[],[],[],0,0,0,"['#depressed', '#overwhelmed', '#anxious']",[],https://twitter.com/IrishGLAM_girl/status/885771467585187840,False,,1,,,,,,,"[{'user_id': '767032548', 'username': 'IrishGLAM_girl'}]",,,,
823239236639977472,823239236639977472,1485110503000,2017-01-22,20:41:43,?aeianei? ?na GTB,815683345967415297,fighting_life19,The Sound of Rain,,#depressed #lonely #worthless #incompetent #childish #sick #insane #anxiety #fatigue ðŸ˜”,[],[],[],0,0,1,"['#depressed', '#lonely', '#worthless', '#incompetent', '#childish', '#sick', '#insane', '#anxiety', '#fatigue']",[],https://twitter.com/Fighting_Life19/status/823239236639977472,False,,0,,,,,,,"[{'user_id': '815683345967415297', 'username': 'Fighting_Life19'}]",,,,
1009213627067457536,1009213627067457536,1529450253000,2018-06-20,02:17:33,?aeianei? ?na GTB,4879174138,beyondyourpast,Matthew Pappas,,"Feeling miserable doesnâ€™t punish others, only ourselves. Read more >>  http://bit.ly/2neQY3bÂ  #Miserable #MentalHealth #Depressed  pic.twitter.com/xbGgbF1dfd",[],['http://bit.ly/2neQY3b'],['https://pbs.twimg.com/media/DgFycJeWAAAGl5u.jpg'],0,0,0,"['#miserable', '#mentalhealth', '#depressed']",[],https://twitter.com/BeyondYourPast/status/1009213627067457536,False,,0,,,,,,,"[{'user_id': '4879174138', 'username': 'BeyondYourPast'}]",,,,
1000206322325970944,1000206322325970944,1527302744000,2018-05-26,05:45:44,?aeianei? ?na GTB,4879174138,beyondyourpast,Matthew Pappas,,"Feeling miserable doesnâ€™t punish others, only ourselves. Read more >>  http://bit.ly/2neQY3bÂ  #Miserable #MentalHealth #Depressed  pic.twitter.com/xpKvmA5mf1",[],['http://bit.ly/2neQY3b'],['https://pbs.twimg.com/media/DeFyWCWXUAAr1hh.jpg'],0,2,3,"['#miserable', '#mentalhealth', '#depressed']",[],https://twitter.com/BeyondYourPast/status/1000206322325970944,False,,0,,,,,,,"[{'user_id': '4879174138', 'username': 'BeyondYourPast'}]",,,,
991475550878420992,991475550878420992,1525221166000,2018-05-02,03:32:46,?aeianei? ?na GTB,4879174138,beyondyourpast,Matthew Pappas,,"Feeling miserable doesnâ€™t punish others, only ourselves. Read more >>  http://bit.ly/2neQY3bÂ  #Miserable #MentalHealth #Depressed  pic.twitter.com/ore7vSMz61",[],['http://bit.ly/2neQY3b'],['https://pbs.twimg.com/media/DcJtwTKWkAAehpO.jpg'],0,0,0,"['#miserable', '#mentalhealth', '#depressed']",[],https://twitter.com/BeyondYourPast/status/991475550878420992,False,,0,,,,,,,"[{'user_id': '4879174138', 'username': 'BeyondYourPast'}]",,,,
983108280875671552,983108280875671552,1523226254000,2018-04-09,01:24:14,?aeianei? ?na GTB,4879174138,beyondyourpast,Matthew Pappas,,"Feeling miserable doesnâ€™t punish others, only ourselves. Read more >>  http://bit.ly/2neQY3bÂ  #Miserable #MentalHealth #Depressed  pic.twitter.com/GlrrJKvFTT",[],['http://bit.ly/2neQY3b'],['https://pbs.twimg.com/media/DaSzxCrWAAAmybm.jpg'],0,0,0,"['#miserable', '#mentalhealth', '#depressed']",[],https://twitter.com/BeyondYourPast/status/983108280875671552,False,,0,,,,,,,"[{'user_id': '4879174138', 'username': 'BeyondYourPast'}]",,,,
974786901050880000,974786901050880000,1521242282000,2018-03-17,01:18:02,?aeianei? ?na GTB,4879174138,beyondyourpast,Matthew Pappas,,"Feeling miserable doesnâ€™t punish others, only ourselves. Read more >>  http://bit.ly/2neQY3bÂ  #Miserable #MentalHealth #Depressed  pic.twitter.com/1xEf0jIXsa",[],['http://bit.ly/2neQY3b'],['https://pbs.twimg.com/media/DYcjg-XXcAEAs0k.jpg'],0,0,1,"['#miserable', '#mentalhealth', '#depressed']",[],https://twitter.com/BeyondYourPast/status/974786901050880000,False,,0,,,,,,,"[{'user_id': '4879174138', 'username': 'BeyondYourPast'}]",,,,
967557992626442240,967557992626442240,1519518776000,2018-02-25,02:32:56,?aeianei? ?na GTB,4879174138,beyondyourpast,Matthew Pappas,,"Feeling miserable doesnâ€™t punish others, only ourselves. Read more >>  http://bit.ly/2neQY3bÂ  #Miserable #MentalHealth #Depressed  pic.twitter.com/YJsi9VqEmt",[],['http://bit.ly/2neQY3b'],['https://pbs.twimg.com/media/DW103MIX0AASAJQ.jpg'],0,0,0,"['#miserable', '#mentalhealth', '#depressed']",[],https://twitter.com/BeyondYourPast/status/967557992626442240,False,,0,,,,,,,"[{'user_id': '4879174138', 'username': 'BeyondYourPast'}]",,,,
960244373077331970,960244373077331970,1517775073000,2018-02-04,22:11:13,?aeianei? ?na GTB,4879174138,beyondyourpast,Matthew Pappas,,"Feeling miserable doesnâ€™t punish others, only ourselves. Read more >>  http://bit.ly/2neQY3bÂ  #Miserable #MentalHealth #Depressed  pic.twitter.com/pY37cKMwd9",[],['http://bit.ly/2neQY3b'],['https://pbs.twimg.com/media/DVN5KPYUMAE0TA9.jpg'],0,0,0,"['#miserable', '#mentalhealth', '#depressed']",[],https://twitter.com/BeyondYourPast/status/960244373077331970,False,,0,,,,,,,"[{'user_id': '4879174138', 'username': 'BeyondYourPast'}]",,,,
952667859280449536,952667859280449536,1515968692000,2018-01-15,00:24:52,?aeianei? ?na GTB,4879174138,beyondyourpast,Matthew Pappas,,"Feeling miserable doesnâ€™t punish others, only ourselves. Read more >>  http://bit.ly/2neQY3bÂ  #Miserable #MentalHealth #Depressed  pic.twitter.com/Y2iBsKC2Xo",[],['http://bit.ly/2neQY3b'],['https://pbs.twimg.com/media/DTiOXFpVwAAyVbN.jpg'],0,0,0,"['#miserable', '#mentalhealth', '#depressed']",[],https://twitter.com/BeyondYourPast/status/952667859280449536,False,,0,,,,,,,"[{'user_id': '4879174138', 'username': 'BeyondYourPast'}]",,,,
945371238716846081,945371238716846081,1514229042000,2017-12-25,21:10:42,?aeianei? ?na GTB,4879174138,beyondyourpast,Matthew Pappas,,"Feeling miserable doesnâ€™t punish others, only ourselves. Read more >>  http://bit.ly/2neQY3bÂ  #Miserable #MentalHealth #Depressed  pic.twitter.com/cpaXbKGye8",[],['http://bit.ly/2neQY3b'],['https://pbs.twimg.com/media/DR6iH8oU8AAQISk.jpg'],0,0,0,"['#miserable', '#mentalhealth', '#depressed']",[],https://twitter.com/BeyondYourPast/status/945371238716846081,False,,0,,,,,,,"[{'user_id': '4879174138', 'username': 'BeyondYourPast'}]",,,,
938534592218267648,938534592218267648,1512599058000,2017-12-07,00:24:18,?aeianei? ?na GTB,4879174138,beyondyourpast,Matthew Pappas,,"Feeling miserable doesnâ€™t punish others, only ourselves. Read more >>  http://bit.ly/2neQY3bÂ  #Miserable #MentalHealth #Depressed  pic.twitter.com/sPVVzdzU0l",[],['http://bit.ly/2neQY3b'],['https://pbs.twimg.com/media/DQZYPF5U8AMDk6d.jpg'],0,1,0,"['#miserable', '#mentalhealth', '#depressed']",[],https://twitter.com/BeyondYourPast/status/938534592218267648,False,,0,,,,,,,"[{'user_id': '4879174138', 'username': 'BeyondYourPast'}]",,,,
930956845614796800,930956845614796800,1510792382000,2017-11-16,02:33:02,?aeianei? ?na GTB,4879174138,beyondyourpast,Matthew Pappas,,"Feeling miserable doesnâ€™t punish others, only ourselves. Read more >>  http://bit.ly/2neQY3bÂ  #Miserable #MentalHealth #Depressed  pic.twitter.com/0J9XdVjh5t",[],['http://bit.ly/2neQY3b'],['https://pbs.twimg.com/media/DOtsUK-WAAADG1Z.jpg'],0,2,3,"['#miserable', '#mentalhealth', '#depressed']",[],https://twitter.com/BeyondYourPast/status/930956845614796800,False,,0,,,,,,,"[{'user_id': '4879174138', 'username': 'BeyondYourPast'}]",,,,
923613499540082688,923613499540082688,1509041592000,2017-10-26,21:13:12,?aeianei? ?na GTB,4879174138,beyondyourpast,Matthew Pappas,,"Depression, whatâ€™s the point of even trying anymore?  http://bit.ly/2lITH2JÂ  #depression #depressed #mentalhealth #anxiety pic.twitter.com/CFAC5jSzlS",[],['http://bit.ly/2lITH2J'],['https://pbs.twimg.com/media/DNFVlRoVwAARsBN.jpg'],1,1,3,"['#depression', '#depressed', '#mentalhealth', '#anxiety']",[],https://twitter.com/BeyondYourPast/status/923613499540082688,False,,0,,,,,,,"[{'user_id': '4879174138', 'username': 'BeyondYourPast'}]",,,,
922004206357241856,922004206357241856,1508657907000,2017-10-22,10:38:27,?aeianei? ?na GTB,4879174138,beyondyourpast,Matthew Pappas,,"Feeling miserable doesnâ€™t punish others, only ourselves. Read more >>  http://bit.ly/2neQY3bÂ  #Miserable #MentalHealth #Depressed  pic.twitter.com/C84wbPkzPU",[],['http://bit.ly/2neQY3b'],['https://pbs.twimg.com/media/DMud8CAXUAEzY2T.jpg'],0,2,3,"['#miserable', '#mentalhealth', '#depressed']",[],https://twitter.com/BeyondYourPast/status/922004206357241856,False,,0,,,,,,,"[{'user_id': '4879174138', 'username': 'BeyondYourPast'}]",,,,
916017925416476677,916017925416476677,1507230666000,2017-10-05,22:11:06,?aeianei? ?na GTB,4879174138,beyondyourpast,Matthew Pappas,,"Depression, whatâ€™s the point of even trying anymore?  http://bit.ly/2lITH2JÂ  #depression #depressed #mentalhealth #anxiety pic.twitter.com/14gQWtqgyk",[],['http://bit.ly/2lITH2J'],['https://pbs.twimg.com/media/DLZZcpXWsAAF62U.jpg'],0,2,2,"['#depression', '#depressed', '#mentalhealth', '#anxiety']",[],https://twitter.com/BeyondYourPast/status/916017925416476677,False,,0,,,,,,,"[{'user_id': '4879174138', 'username': 'BeyondYourPast'}]",,,,
914756491856547840,914756491856547840,1506929917000,2017-10-02,10:38:37,?aeianei? ?na GTB,4879174138,beyondyourpast,Matthew Pappas,,"Feeling miserable doesnâ€™t punish others, only ourselves. Read more >>  http://bit.ly/2neQY3bÂ  #Miserable #MentalHealth #Depressed  pic.twitter.com/BpDGHK0teM",[],['http://bit.ly/2neQY3b'],['https://pbs.twimg.com/media/DLHeLf8WAAE16hB.jpg'],0,2,3,"['#miserable', '#mentalhealth', '#depressed']",[],https://twitter.com/BeyondYourPast/status/914756491856547840,False,,0,,,,,,,"[{'user_id': '4879174138', 'username': 'BeyondYourPast'}]",,,,
908497498351837185,908497498351837185,1505437657000,2017-09-15,04:07:37,?aeianei? ?na GTB,4879174138,beyondyourpast,Matthew Pappas,,"Depression, whatâ€™s the point of even trying anymore?  http://bit.ly/2lITH2JÂ  #depression #depressed #mentalhealth #anxiety pic.twitter.com/2kbg7xYZhV",[],['http://bit.ly/2lITH2J'],['https://pbs.twimg.com/media/DJuhqMuXkAA-gHj.jpg'],0,1,1,"['#depression', '#depressed', '#mentalhealth', '#anxiety']",[],https://twitter.com/BeyondYourPast/status/908497498351837185,False,,0,,,,,,,"[{'user_id': '4879174138', 'username': 'BeyondYourPast'}]",,,,
907508769504055296,907508769504055296,1505201926000,2017-09-12,10:38:46,?aeianei? ?na GTB,4879174138,beyondyourpast,Matthew Pappas,,"Feeling miserable doesnâ€™t punish others, only ourselves. Read more >>  http://bit.ly/2neQY3bÂ  #Miserable #MentalHealth #Depressed  pic.twitter.com/7SQXArxTwB",[],['http://bit.ly/2neQY3b'],['https://pbs.twimg.com/media/DJgeah_U8AAtkui.jpg'],1,4,5,"['#miserable', '#mentalhealth', '#depressed']",[],https://twitter.com/BeyondYourPast/status/907508769504055296,False,,0,,,,,,,"[{'user_id': '4879174138', 'username': 'BeyondYourPast'}]",,,,
901710547829346304,901710547829346304,1503819522000,2017-08-27,10:38:42,?aeianei? ?na GTB,4879174138,beyondyourpast,Matthew Pappas,,"Depression, whatâ€™s the point of even trying anymore?  http://bit.ly/2lITH2JÂ  #depression #depressed #mentalhealth #anxiety pic.twitter.com/hbrK2r5xpC",[],['http://bit.ly/2lITH2J'],['https://pbs.twimg.com/media/DIOE9oTWAAAEAR4.jpg'],0,1,2,"['#depression', '#depressed', '#mentalhealth', '#anxiety']",[],https://twitter.com/BeyondYourPast/status/901710547829346304,False,,0,,,,,,,"[{'user_id': '4879174138', 'username': 'BeyondYourPast'}]",,,,
900679535829581824,900679535829581824,1503573709000,2017-08-24,14:21:49,?aeianei? ?na GTB,4879174138,beyondyourpast,Matthew Pappas,,"Feeling miserable doesnâ€™t punish others, only ourselves. Read more >>  http://bit.ly/2neQY3bÂ  #Miserable #MentalHealth #Depressed  pic.twitter.com/U9a0aJ7nhA",[],['http://bit.ly/2neQY3b'],['https://pbs.twimg.com/media/DH_bQzcXsAA7WTj.jpg'],0,1,4,"['#miserable', '#mentalhealth', '#depressed']",[],https://twitter.com/BeyondYourPast/status/900679535829581824,False,,0,,,,,,,"[{'user_id': '4879174138', 'username': 'BeyondYourPast'}]",,,,
894955786237030400,894955786237030400,1502209061000,2017-08-08,19:17:41,?aeianei? ?na GTB,4879174138,beyondyourpast,Matthew Pappas,,"Depression, whatâ€™s the point of even trying anymore?  http://bit.ly/2lITH2JÂ  #depression #depressed #mentalhealth #anxiety pic.twitter.com/RMQzpqljGk",[],['http://bit.ly/2lITH2J'],['https://pbs.twimg.com/media/DGuFiz2XsAIUO7a.jpg'],0,1,1,"['#depression', '#depressed', '#mentalhealth', '#anxiety']",[],https://twitter.com/BeyondYourPast/status/894955786237030400,False,,0,,,,,,,"[{'user_id': '4879174138', 'username': 'BeyondYourPast'}]",,,,
893868721713930241,893868721713930241,1501949885000,2017-08-05,19:18:05,?aeianei? ?na GTB,4879174138,beyondyourpast,Matthew Pappas,,"Feeling miserable doesnâ€™t punish others, only ourselves. Read more >>  http://bit.ly/2neQY3bÂ  #Miserable #MentalHealth #Depressed  pic.twitter.com/GIRxzyDfwF",[],['http://bit.ly/2neQY3b'],['https://pbs.twimg.com/media/DGeo3P-V0AAl-0_.jpg'],0,0,2,"['#miserable', '#mentalhealth', '#depressed']",[],https://twitter.com/BeyondYourPast/status/893868721713930241,False,,0,,,,,,,"[{'user_id': '4879174138', 'username': 'BeyondYourPast'}]",,,,
888149762712764416,888149762712764416,1500586379000,2017-07-21,00:32:59,?aeianei? ?na GTB,4879174138,beyondyourpast,Matthew Pappas,,"Depression, whatâ€™s the point of even trying anymore?  http://bit.ly/2lITH2JÂ  #depression #depressed #mentalhealth #anxiety pic.twitter.com/FOK72F2nAQ",[],['http://bit.ly/2lITH2J'],['https://pbs.twimg.com/media/DFNXgGcXcAI3gcA.jpg'],0,1,2,"['#depression', '#depressed', '#mentalhealth', '#anxiety']",[],https://twitter.com/BeyondYourPast/status/888149762712764416,False,,0,,,,,,,"[{'user_id': '4879174138', 'username': 'BeyondYourPast'}]",,,,
887116720003067904,887116720003067904,1500340082000,2017-07-18,04:08:02,?aeianei? ?na GTB,4879174138,beyondyourpast,Matthew Pappas,,"Feeling miserable doesnâ€™t punish others, only ourselves. Read more >>  http://bit.ly/2neQY3bÂ  #Miserable #MentalHealth #Depressed  pic.twitter.com/b2JUXBX7HV",[],['http://bit.ly/2neQY3b'],['https://pbs.twimg.com/media/DE-r9A8XcAETpqo.jpg'],0,1,4,"['#miserable', '#mentalhealth', '#depressed']",[],https://twitter.com/BeyondYourPast/status/887116720003067904,False,,0,,,,,,,"[{'user_id': '4879174138', 'username': 'BeyondYourPast'}]",,,,
881672022937542656,881672022937542656,1499041965000,2017-07-03,03:32:45,?aeianei? ?na GTB,4879174138,beyondyourpast,Matthew Pappas,,"Depression, whatâ€™s the point of even trying anymore?  http://bit.ly/2lITH2JÂ  #depression #depressed #mentalhealth #anxiety pic.twitter.com/UY6da266vL",[],['http://bit.ly/2lITH2J'],['https://pbs.twimg.com/media/DDxUCDKWAAIOrNl.jpg'],2,3,9,"['#depression', '#depressed', '#mentalhealth', '#anxiety']",[],https://twitter.com/BeyondYourPast/status/881672022937542656,False,,0,,,,,,,"[{'user_id': '4879174138', 'username': 'BeyondYourPast'}]",,,,
880692147527319552,880692147527319552,1498808345000,2017-06-30,10:39:05,?aeianei? ?na GTB,4879174138,beyondyourpast,Matthew Pappas,,"Feeling miserable doesnâ€™t punish others, only ourselves. Read more >>  http://bit.ly/2neQY3bÂ  #Miserable #MentalHealth #Depressed  pic.twitter.com/5sQE0Uz5Ym",[],['http://bit.ly/2neQY3b'],['https://pbs.twimg.com/media/DDjY1w5XYAEN0wv.jpg'],0,2,2,"['#miserable', '#mentalhealth', '#depressed']",[],https://twitter.com/BeyondYourPast/status/880692147527319552,False,,0,,,,,,,"[{'user_id': '4879174138', 'username': 'BeyondYourPast'}]",,,,
875565032943243265,875565032943243265,1497585945000,2017-06-16,07:05:45,?aeianei? ?na GTB,4879174138,beyondyourpast,Matthew Pappas,,"Depression, whatâ€™s the point of even trying anymore?  http://bit.ly/2lITH2JÂ  #depression #depressed #mentalhealth #anxiety pic.twitter.com/YRJiBHgYvb",[],['http://bit.ly/2lITH2J'],['https://pbs.twimg.com/media/DCahwV6V0AAH9AA.jpg'],0,1,2,"['#depression', '#depressed', '#mentalhealth', '#anxiety']",[],https://twitter.com/BeyondYourPast/status/875565032943243265,False,,0,,,,,,,"[{'user_id': '4879174138', 'username': 'BeyondYourPast'}]",,,,
874662253890613251,874662253890613251,1497370706000,2017-06-13,19:18:26,?aeianei? ?na GTB,4879174138,beyondyourpast,Matthew Pappas,,"Feeling miserable doesnâ€™t punish others, only ourselves. Read more >>  http://bit.ly/2neQY3bÂ  #Miserable #MentalHealth #Depressed  pic.twitter.com/Jvt6QMZMHC",[],['http://bit.ly/2neQY3b'],['https://pbs.twimg.com/media/DCNsrqzWsAAen76.jpg'],0,2,5,"['#miserable', '#mentalhealth', '#depressed']",[],https://twitter.com/BeyondYourPast/status/874662253890613251,False,,0,,,,,,,"[{'user_id': '4879174138', 'username': 'BeyondYourPast'}]",,,,
869668004837158912,869668004837158912,1496179984000,2017-05-31,00:33:04,?aeianei? ?na GTB,4879174138,beyondyourpast,Matthew Pappas,,"Depression, whatâ€™s the point of even trying anymore?  http://bit.ly/2lITH2JÂ  #depression #depressed #mentalhealth #anxiety pic.twitter.com/hK1c4NkP9B",[],['http://bit.ly/2lITH2J'],['https://pbs.twimg.com/media/DBGucJGUQAETDDd.jpg'],0,0,1,"['#depression', '#depressed', '#mentalhealth', '#anxiety']",[],https://twitter.com/BeyondYourPast/status/869668004837158912,False,,0,,,,,,,"[{'user_id': '4879174138', 'username': 'BeyondYourPast'}]",,,,
868757803892183040,868757803892183040,1495962975000,2017-05-28,12:16:15,?aeianei? ?na GTB,4879174138,beyondyourpast,Matthew Pappas,,"Feeling miserable doesnâ€™t punish others, only ourselves. Read more >>  http://bit.ly/2neQY3bÂ  #Miserable #MentalHealth #Depressed  pic.twitter.com/JFFwwfluUT",[],['http://bit.ly/2neQY3b'],['https://pbs.twimg.com/media/DA5ynchWAAAvyEg.jpg'],0,1,1,"['#miserable', '#mentalhealth', '#depressed']",[],https://twitter.com/BeyondYourPast/status/868757803892183040,False,,0,,,,,,,"[{'user_id': '4879174138', 'username': 'BeyondYourPast'}]",,,,
863297427562004480,863297427562004480,1494661120000,2017-05-13,10:38:40,?aeianei? ?na GTB,4879174138,beyondyourpast,Matthew Pappas,,"Depression, whatâ€™s the point of even trying anymore?  http://bit.ly/2lITH2JÂ  #depression #depressed #mentalhealth #anxiety pic.twitter.com/NVhXTXgzi4",[],['http://bit.ly/2lITH2J'],['https://pbs.twimg.com/media/C_sMbzCUAAA2SBe.jpg'],1,1,0,"['#depression', '#depressed', '#mentalhealth', '#anxiety']",[],https://twitter.com/BeyondYourPast/status/863297427562004480,False,,0,,,,,,,"[{'user_id': '4879174138', 'username': 'BeyondYourPast'}]",,,,
863243798842834944,863243798842834944,1494648334000,2017-05-13,07:05:34,?aeianei? ?na GTB,4879174138,beyondyourpast,Matthew Pappas,,"Depression, whatâ€™s the point of even trying anymore?  http://bit.ly/2lITH2JÂ  #depression #depressed #mentalhealth #anxiety pic.twitter.com/Ct04F0eYlZ",[],['http://bit.ly/2lITH2J'],['https://pbs.twimg.com/media/C_rbqNbXgAEEtEW.jpg'],0,0,2,"['#depression', '#depressed', '#mentalhealth', '#anxiety']",[],https://twitter.com/BeyondYourPast/status/863243798842834944,False,,0,,,,,,,"[{'user_id': '4879174138', 'username': 'BeyondYourPast'}]",,,,
862317751041495040,862317751041495040,1494427547000,2017-05-10,17:45:47,?aeianei? ?na GTB,4879174138,beyondyourpast,Matthew Pappas,,"Feeling miserable doesnâ€™t punish others, only ourselves. Read more >>  http://bit.ly/2neQY3bÂ  #Miserable #MentalHealth #Depressed  pic.twitter.com/1jsXg2mTc3",[],['http://bit.ly/2neQY3b'],['https://pbs.twimg.com/media/C_eRbFiUMAAgcNU.jpg'],0,1,1,"['#miserable', '#mentalhealth', '#depressed']",[],https://twitter.com/BeyondYourPast/status/862317751041495040,False,,0,,,,,,,"[{'user_id': '4879174138', 'username': 'BeyondYourPast'}]",,,,
856799030856364032,856799030856364032,1493111782000,2017-04-25,12:16:22,?aeianei? ?na GTB,4879174138,beyondyourpast,Matthew Pappas,,"Depression, whatâ€™s the point of even trying anymore?  http://bit.ly/2lITH2JÂ  #depression #depressed #mentalhealth #anxiety pic.twitter.com/VOYVBoL5ls",[],['http://bit.ly/2lITH2J'],['https://pbs.twimg.com/media/C-P2LTxXgAAWrQE.jpg'],0,3,6,"['#depression', '#depressed', '#mentalhealth', '#anxiety']",[],https://twitter.com/BeyondYourPast/status/856799030856364032,False,,0,,,,,,,"[{'user_id': '4879174138', 'username': 'BeyondYourPast'}]",,,,
855876892813123584,855876892813123584,1492891927000,2017-04-22,23:12:07,?aeianei? ?na GTB,4879174138,beyondyourpast,Matthew Pappas,,"Feeling miserable doesnâ€™t punish others, only ourselves. Read more >>  http://bit.ly/2neQY3bÂ  #Miserable #MentalHealth #Depressed  pic.twitter.com/pVmxOzRcI3",[],['http://bit.ly/2neQY3b'],['https://pbs.twimg.com/media/C-CvfzDUMAAo2cD.jpg'],0,2,3,"['#miserable', '#mentalhealth', '#depressed']",[],https://twitter.com/BeyondYourPast/status/855876892813123584,False,,0,,,,,,,"[{'user_id': '4879174138', 'username': 'BeyondYourPast'}]",,,,
849686517979152384,849686517979152384,1491416026000,2017-04-05,21:13:46,?aeianei? ?na GTB,4879174138,beyondyourpast,Matthew Pappas,,"Feeling miserable doesnâ€™t punish others, only ourselves. Read more >>  http://bit.ly/2neQY3bÂ  #Miserable #MentalHealth #Depressed  pic.twitter.com/EkybH23F75",[],['http://bit.ly/2neQY3b'],['https://pbs.twimg.com/media/C8qxYirXsAMFr1k.jpg'],0,0,1,"['#miserable', '#mentalhealth', '#depressed']",[],https://twitter.com/BeyondYourPast/status/849686517979152384,False,,0,,,,,,,"[{'user_id': '4879174138', 'username': 'BeyondYourPast'}]",,,,
847822275890073601,847822275890073601,1490971557000,2017-03-31,17:45:57,?aeianei? ?na GTB,4879174138,beyondyourpast,Matthew Pappas,,"Depression, whatâ€™s the point of even trying anymore?  http://bit.ly/2lITH2JÂ  #depression #depressed #mentalhealth #anxiety",[],['http://bit.ly/2lITH2J'],[],0,6,3,"['#depression', '#depressed', '#mentalhealth', '#anxiety']",[],https://twitter.com/BeyondYourPast/status/847822275890073601,False,,0,,,,,,,"[{'user_id': '4879174138', 'username': 'BeyondYourPast'}]",,,,
843555737670422531,843555737670422531,1489954335000,2017-03-19,22:12:15,?aeianei? ?na GTB,4879174138,beyondyourpast,Matthew Pappas,,"Feeling miserable doesnâ€™t punish others, only ourselves. Read more >>  http://bit.ly/2neQY3bÂ  #Miserable #MentalHealth #Depressed  pic.twitter.com/SInTQpV6M8",[],['http://bit.ly/2neQY3b'],['https://pbs.twimg.com/media/C7TpeJeXgAIwY4E.jpg'],0,0,0,"['#miserable', '#mentalhealth', '#depressed']",[],https://twitter.com/BeyondYourPast/status/843555737670422531,False,,0,,,,,,,"[{'user_id': '4879174138', 'username': 'BeyondYourPast'}]",,,,
841713796565602304,841713796565602304,1489515182000,2017-03-14,20:13:02,?aeianei? ?na GTB,4879174138,beyondyourpast,Matthew Pappas,,"Depression, whatâ€™s the point of even trying anymore?  http://bit.ly/2lITH2JÂ  #depression #depressed #mentalhealth #anxiety pic.twitter.com/kasSmxj9Qz",[],['http://bit.ly/2lITH2J'],['https://pbs.twimg.com/media/C65ePHsV0AAqmCV.jpg'],0,2,3,"['#depression', '#depressed', '#mentalhealth', '#anxiety']",[],https://twitter.com/BeyondYourPast/status/841713796565602304,False,,0,,,,,,,"[{'user_id': '4879174138', 'username': 'BeyondYourPast'}]",,,,
837220477131182081,837220477131182081,1488443891000,2017-03-02,10:38:11,?aeianei? ?na GTB,4879174138,beyondyourpast,Matthew Pappas,,"Feeling miserable doesnâ€™t punish others, only ourselves. Read more >>  http://bit.ly/2lYZKokÂ  #Miserable #MentalHealth #Depressed #Punish pic.twitter.com/zBLRU5OxMA",[],['http://bit.ly/2lYZKok'],['https://pbs.twimg.com/media/C55nlfXWMAAiIwV.jpg'],0,1,2,"['#miserable', '#mentalhealth', '#depressed', '#punish']",[],https://twitter.com/BeyondYourPast/status/837220477131182081,False,,0,,,,,,,"[{'user_id': '4879174138', 'username': 'BeyondYourPast'}]",,,,
833983356782145536,833983356782145536,1487672101000,2017-02-21,12:15:01,?aeianei? ?na GTB,4879174138,beyondyourpast,Matthew Pappas,,"Depression, whatâ€™s the point of even trying anymore?  http://buff.ly/2lfk6ZIÂ  #depression #depressed #mentalhealth #anxiety pic.twitter.com/QoyHvbERzt",[],['http://buff.ly/2lfk6ZI'],['https://pbs.twimg.com/media/C5LncTDWcAACXtk.jpg'],0,2,4,"['#depression', '#depressed', '#mentalhealth', '#anxiety']",[],https://twitter.com/BeyondYourPast/status/833983356782145536,False,,0,,,,,,,"[{'user_id': '4879174138', 'username': 'BeyondYourPast'}]",,,,
1017652715898335232,1017652715898335232,1531462289000,2018-07-13,09:11:29,?aeianei? ?na GTB,1009561072389353473,fineimherenow,A Queerdo In Space ðŸ³ï¸â€ðŸŒˆ,,"So my bestie is like, ""Let's play Star #Fluxx"" and IMMEDIATELY I pull this hand. Way to call me out, Star Fluxx. #ImDepressed #Depressed  pic.twitter.com/Olxro5RSsm",[],[],['https://pbs.twimg.com/media/Dh9tu71UYAEzTrl.jpg'],0,0,1,"['#fluxx', '#imdepressed', '#depressed']",[],https://twitter.com/Fineimherenow/status/1017652715898335232,False,,0,,,,,,,"[{'user_id': '1009561072389353473', 'username': 'Fineimherenow'}]",,,,
200557038265319424,200557038265319424,1336651498000,2012-05-10,15:04:58,?aeianei? ?na GTB,49852304,bo0tyclap,closed on sunday,,@oppa_poop_on_me Is the reason why I don't have my phone. #depressed,[],[],[],0,0,0,['#depressed'],[],https://twitter.com/bo0tyclap/status/200557038265319424,False,,0,,,,,,,"[{'user_id': '49852304', 'username': 'bo0tyclap'}]",,,,
975676754760118272,878709718545571842,1521454440000,2018-03-19,12:14:00,?aeianei? ?na GTB,774058706132725760,aunttritsy,Aunt Tritsy ðŸŒŠâ™¿ï¸,,"Lol, 30 years I've spent doing this.  I've attended MANY pain classes and courses.  I've done 7 different types of massage.  You name it, I've tried it.  Some things helped, but opioids were only thing that was enough.  #depressed","['drnickels', 'clubdie', 'browndotflop', 'carolyncolson', 'blogliberally', 'shasta77777', 'jmkilingnyc', 'shelley_bean60', 'roguewolf2001', 'vanwagoner', 'akolostomybag', 'process_x', 'johnlibert3', 'burnsiemn', 'jenrauls', 'robertdrosejr1', 'tanglednwire', 'davidwcole1', 'nicoleinpain', 'weareunited22', 'thomasklinemd', 'endliberalism', 'wanita1', 'lelenapeacock', 'mary86802059', 'deeenst', 'peccavi_ultum', 'skywtchr', 'manystarrs', 'painptfightback', 'trumperpaul', 'tinkiebelles', 'cshel0607', 'djwilliams35', 'phoenxrisin2', 'rosavecchia', 'made_in_japan76', 'rlamartini', 'avestige1', 'djsjrb', 'ravensspirit68', 'lauri_usa', 'travdet', 'unreaddatum', 'donkos']",[],[],0,0,6,['#depressed'],[],https://twitter.com/AuntTritsy/status/975676754760118272,False,,0,,,,,,,"[{'user_id': '774058706132725760', 'username': 'AuntTritsy'}, {'user_id': '2347570308', 'username': 'DrNickels'}, {'user_id': '2721815892', 'username': 'ClubDie'}, {'user_id': '871466481191727104', 'username': 'browndotflop'}, {'user_id': '35376068', 'username': 'CarolynColson'}, {'user_id': '344233703', 'username': 'BlogLiberally'}, {'user_id': '382513323', 'username': 'Shasta77777'}, {'user_id': '904894817955717120', 'username': 'Jmkilingnyc'}, {'user_id': '733808478737698817', 'username': 'shelley_bean60'}, {'user_id': '113565112', 'username': 'RogueWolf2001'}, {'user_id': '227333373', 'username': 'VanWagoner'}, {'user_id': '923995321667072002', 'username': 'AKolostomyBag'}, {'user_id': '97065490', 'username': 'process_x'}, {'user_id': '712291832349245440', 'username': 'JohnLibert3'}, {'user_id': '2319384092', 'username': 'BurnsieMN'}, {'user_id': '789122773499060224', 'username': 'jenrauls'}, {'user_id': '719923140479094785', 'username': 'RobertDRoseJr1'}, {'user_id': '740008523795435520', 'username': 'tanglednwire'}, {'user_id': '705643260337782786', 'username': 'DavidWCole1'}, {'user_id': '356973583', 'username': 'NicoleInPain'}, {'user_id': '744631682339332101', 'username': 'WeAreUnited22'}, {'user_id': '2895908245', 'username': 'ThomasKlineMD'}, {'user_id': '1258072117', 'username': 'EndLiberalism'}, {'user_id': '24121393', 'username': 'Wanita1'}, {'user_id': '795402912151244800', 'username': 'LelenaPeacock'}, {'user_id': '831822407522480128', 'username': 'Mary86802059'}, {'user_id': '2556967117', 'username': 'Deeenst'}, {'user_id': '26670735', 'username': 'Peccavi_ultum'}, {'user_id': '24964371', 'username': 'Skywtchr'}, {'user_id': '211363561', 'username': 'ManyStarrs'}, {'user_id': '781026258012475392', 'username': 'PainPtFightBack'}, {'user_id': '866792201640177666', 'username': 'TrumperPaul'}, {'user_id': '3282964560', 'username': 'TinkieBelles'}, {'user_id': '3374426979', 'username': 'cshel0607'}, {'user_id': '1227804415', 'username': 'djwilliams35'}, {'user_id': '35092463', 'username': 'phoenxrisin2'}, {'user_id': '18250321', 'username': 'Rosavecchia'}, {'user_id': '730999815232872449', 'username': 'Made_In_Japan76'}, {'user_id': '258546506', 'username': 'rlamartini'}, {'user_id': '823367709526106112', 'username': 'AVestige1'}, {'user_id': '523885541', 'username': 'djsjrb'}, {'user_id': '224668336', 'username': 'ravensspirit68'}, {'user_id': '891763827724869633', 'username': 'Lauri_USA'}, {'user_id': '2904544126', 'username': 'travdet'}, {'user_id': '3196826682', 'username': 'UnreadDatum'}, {'user_id': '1042113065377038342', 'username': 'DonKos'}]",,,,
680073317663940609,680073317663940609,1450977088000,2015-12-24,19:11:28,?aeianei? ?na GTB,19518100,mo_loves,Molly Soyck,,The 1st thing I do when I'm #depressed is look up sad things. I think I need to be looking up happy things instead.  pic.twitter.com/7h5BkVZKB8,[],[],['https://pbs.twimg.com/media/CXAbEu7VAAE3WVy.jpg'],0,0,1,['#depressed'],[],https://twitter.com/mo_loves/status/680073317663940609,False,,0,,,,,,,"[{'user_id': '19518100', 'username': 'mo_loves'}]",,,,
261636261654192128,261636261654192128,1351213920000,2012-10-26,04:12:00,?aeianei? ?na GTB,768809168,bbyfaceangel,rosemarykisses â™¥â€¿â™¥,,I give up  #depressed,[],[],[],1,1,1,['#depressed'],[],https://twitter.com/bbyfaceangel/status/261636261654192128,False,,0,,,,,,,"[{'user_id': '768809168', 'username': 'bbyfaceangel'}]",,,,
790294024473063424,790294024473063424,1477255753000,2016-10-23,23:49:13,?aeianei? ?na GTB,790285664214392833,sadisthenewsexy,$moking Angel,,"Where are all my #sad #girls and #sad #boys at? #sad #lonely #hurt #broken #depressed #anxious #followme 
Let's talk about our #pain",[],[],[],0,0,0,"['#sad', '#girls', '#sad', '#boys', '#sad', '#lonely', '#hurt', '#broken', '#depressed', '#anxious', '#followme', '#pain']",[],https://twitter.com/SadIsTheNewSexy/status/790294024473063424,False,,0,,,,,,,"[{'user_id': '790285664214392833', 'username': 'SadIsTheNewSexy'}]",,,,
657644049587961858,657644049587961858,1445629534000,2015-10-23,22:45:34,?aeianei? ?na GTB,3165452302,oneonone1162,Fullmetal Humanist âšœ,,Somewhat #depressed today.,[],[],[],0,0,0,['#depressed'],[],https://twitter.com/OneOnOne1162/status/657644049587961858,False,,0,,,,,,,"[{'user_id': '3165452302', 'username': 'OneOnOne1162'}]",,,,
651823654993571840,651823654993571840,1444241844000,2015-10-07,21:17:24,?aeianei? ?na GTB,3165452302,oneonone1162,Fullmetal Humanist âšœ,,I'm feeling particularly #depressed again. I just love it when that happens...,[],[],[],2,0,0,['#depressed'],[],https://twitter.com/OneOnOne1162/status/651823654993571840,False,,0,,,,,,,"[{'user_id': '3165452302', 'username': 'OneOnOne1162'}]",,,,
649087692735692800,649087692735692800,1443589540000,2015-09-30,08:05:40,?aeianei? ?na GTB,3165452302,oneonone1162,Fullmetal Humanist âšœ,,"So the reason why watching #TheRoom makes me so #depressed, is because it's shocking to me that a person could make a #movie so bad and...",[],[],[],1,0,0,"['#theroom', '#depressed', '#movie']",[],https://twitter.com/OneOnOne1162/status/649087692735692800,False,,0,,,,,,,"[{'user_id': '3165452302', 'username': 'OneOnOne1162'}]",,,,
637339087016460288,637339087016460288,1440788454000,2015-08-28,22:00:54,?aeianei? ?na GTB,3165452302,oneonone1162,Fullmetal Humanist âšœ,,"Ugh, I'm feeling particularly #depressed right now. Great. -_-",[],[],[],0,0,0,['#depressed'],[],https://twitter.com/OneOnOne1162/status/637339087016460288,False,,0,,,,,,,"[{'user_id': '3165452302', 'username': 'OneOnOne1162'}]",,,,
625853192107069440,625853192107069440,1438050003000,2015-07-28,05:20:03,?aeianei? ?na GTB,3165452302,oneonone1162,Fullmetal Humanist âšœ,,"I just woke up and I already feel somewhat #depressed. Well then, this is gonna be a good day... -_-",[],[],[],0,0,0,['#depressed'],[],https://twitter.com/OneOnOne1162/status/625853192107069440,False,,0,,,,,,,"[{'user_id': '3165452302', 'username': 'OneOnOne1162'}]",,,,
618188204055896064,618188204055896064,1436222527000,2015-07-07,01:42:07,?aeianei? ?na GTB,3165452302,oneonone1162,Fullmetal Humanist âšœ,,"Man, this is really not my decade. #Depressed",[],[],[],0,0,0,['#depressed'],[],https://twitter.com/OneOnOne1162/status/618188204055896064,False,,0,,,,,,,"[{'user_id': '3165452302', 'username': 'OneOnOne1162'}]",,,,
617445673840058368,617445673840058368,1436045494000,2015-07-05,00:31:34,?aeianei? ?na GTB,3165452302,oneonone1162,Fullmetal Humanist âšœ,,"I wish I still drank #alcohol after getting #depressed. Probably not very healthy, but it did take the edge off a little.",[],[],[],1,0,0,"['#alcohol', '#depressed']",[],https://twitter.com/OneOnOne1162/status/617445673840058368,False,,0,,,,,,,"[{'user_id': '3165452302', 'username': 'OneOnOne1162'}]",,,,
616687860310241281,616687860310241281,1435864818000,2015-07-02,22:20:18,?aeianei? ?na GTB,3165452302,oneonone1162,Fullmetal Humanist âšœ,,I hate that for me a good day lately is a day where I only feel somewhat #depressed.,[],[],[],0,0,0,['#depressed'],[],https://twitter.com/OneOnOne1162/status/616687860310241281,False,,0,,,,,,,"[{'user_id': '3165452302', 'username': 'OneOnOne1162'}]",,,,
616574643017809921,616574643017809921,1435837824000,2015-07-02,14:50:24,?aeianei? ?na GTB,3165452302,oneonone1162,Fullmetal Humanist âšœ,,Slightly #depressed right now. Wish I could go to sleep for a few hours.,[],[],[],1,0,0,['#depressed'],[],https://twitter.com/OneOnOne1162/status/616574643017809921,False,,0,,,,,,,"[{'user_id': '3165452302', 'username': 'OneOnOne1162'}]",,,,
609320172827099136,609320172827099136,1434108224000,2015-06-12,14:23:44,?aeianei? ?na GTB,3165452302,oneonone1162,Fullmetal Humanist âšœ,,"Man, I've been in a fucking #depressed mood the last few weeks...",[],[],[],1,0,0,['#depressed'],[],https://twitter.com/OneOnOne1162/status/609320172827099136,False,,0,,,,,,,"[{'user_id': '3165452302', 'username': 'OneOnOne1162'}]",,,,
607553308274905088,607553308274905088,1433686971000,2015-06-07,17:22:51,?aeianei? ?na GTB,3165452302,oneonone1162,Fullmetal Humanist âšœ,,The best way for me not to feel #depressed is to make relentless fun of my own life. My life is not to be taken seriously.,[],[],[],0,0,1,['#depressed'],[],https://twitter.com/OneOnOne1162/status/607553308274905088,False,,0,,,,,,,"[{'user_id': '3165452302', 'username': 'OneOnOne1162'}]",,,,
607551916000858112,607551916000858112,1433686639000,2015-06-07,17:17:19,?aeianei? ?na GTB,3165452302,oneonone1162,Fullmetal Humanist âšœ,,"Well, just talked about something that I have a LOT of complicated issues around. I'll be #depressed for the rest of the day.",[],[],[],0,0,0,['#depressed'],[],https://twitter.com/OneOnOne1162/status/607551916000858112,False,,0,,,,,,,"[{'user_id': '3165452302', 'username': 'OneOnOne1162'}]",,,,
596396403942895617,596396403942895617,1431026957000,2015-05-07,22:29:17,?aeianei? ?na GTB,3165452302,oneonone1162,Fullmetal Humanist âšœ,,Feeling kind of shitty. Having no self-esteem really isn't what it's cracked up to be. #Depressed,[],[],[],2,0,0,['#depressed'],[],https://twitter.com/OneOnOne1162/status/596396403942895617,False,,0,,,,,,,"[{'user_id': '3165452302', 'username': 'OneOnOne1162'}]",,,,
168539390820356098,168539390820356098,1329017896000,2012-02-12,05:38:16,?aeianei? ?na GTB,358410966,electrically,cally,,#psiloveyou #galwaygirl #depressed #needtogotofrance,[],[],[],0,0,0,"['#psiloveyou', '#galwaygirl', '#depressed', '#needtogotofrance']",[],https://twitter.com/ElectriCally/status/168539390820356098,False,,0,,,,,,,"[{'user_id': '358410966', 'username': 'ElectriCally'}]",,,,
736975008103206913,736905508561420290,1464543508000,2016-05-29,20:38:28,?aeianei? ?na GTB,36294001,crislemon,cristina,,Being told countless times that I don't have a reason to be #depressed. As if it's a choice. Makes me want to scream!,['tess_holliday'],[],[],0,0,1,['#depressed'],[],https://twitter.com/CrisLemon/status/736975008103206913,False,,0,,,,,,,"[{'user_id': '36294001', 'username': 'CrisLemon'}, {'user_id': '20122661', 'username': 'Tess_Holliday'}]",,,,
1159257353339846656,1159257353339846656,1565223465000,2019-08-08,03:17:45,?aeianei? ?na GTB,1549688012,idorsblood,WolvesBloodSeries,,"We #LOST  the third round towards the final for the grand prize of 3,000$ so my friend could get music equipment; 
I am a little #depressed  right now... So if I don't answer anyone that is why. 
I was really excited about winning this thing.. But.. we didn't win 3rd round..  pic.twitter.com/LSPJCoj62F",[],[],['https://pbs.twimg.com/media/EBaCZtXU8AEDY4d.jpg'],0,0,3,"['#lost', '#depressed']",[],https://twitter.com/IdorsBlood/status/1159257353339846656,False,,0,,,,,,,"[{'user_id': '1549688012', 'username': 'IdorsBlood'}]",,,,
1129859300627812352,1129859300627812352,1558214423000,2019-05-19,00:20:23,?aeianei? ?na GTB,95489255,goatee2,Rich Goatee,,"Reposted from @juan_rekers
A most underestimated Mental issue: DEPRESSION! Too much I hear people say: Get over it! Yeah right: if itâ€™s like that! 
Depression is the same like telling someone in a wheel chair to Just get up and walk! â˜ ï¸â¤ï¸ #depressed #depâ€¦  http://bit.ly/2Q8Omm8Â  pic.twitter.com/4EYJGQKzQK",[],['http://bit.ly/2Q8Omm8'],['https://pbs.twimg.com/media/D64RC--X4AESz-l.jpg'],0,0,0,"['#depressed', '#dep']",[],https://twitter.com/goatee2/status/1129859300627812352,False,,0,,,,,,,"[{'user_id': '95489255', 'username': 'goatee2'}]",,,,
875897436266532865,875897436266532865,1497665196000,2017-06-17,05:06:36,?aeianei? ?na GTB,617521992,candrahastings,Rion,,Going to #play some #overwatch on my #depressed day. Last night was rough but what's moreâ€¦  https://www.instagram.com/p/BVbF5rsjA3e/Â ,[],['https://www.instagram.com/p/BVbF5rsjA3e/'],[],0,0,2,"['#play', '#overwatch', '#depressed']",[],https://twitter.com/CandraHastings/status/875897436266532865,False,,0,,,,,,,"[{'user_id': '617521992', 'username': 'CandraHastings'}]",,,,
1186022477211848704,1186022477211848704,1571604768000,2019-10-20,23:52:48,?aeianei? ?na GTB,18831261,aloofobserver,Vincent E. Williams,,If Yahweh asked me if I wanted to die and go to Heaven right now I would honestly say yes. #depressed,[],[],[],0,0,0,['#depressed'],[],https://twitter.com/AloofObserver/status/1186022477211848704,False,,0,,,,,,,"[{'user_id': '18831261', 'username': 'AloofObserver'}]",,,,
1084257101160108033,1084257101160108033,1547342012000,2019-01-13,03:13:32,?aeianei? ?na GTB,18831261,aloofobserver,Vincent E. Williams,,"I am too #depressed to deal with pessimists and cynics at this time. 

#WeMustGetRidOfTrump.",[],[],[],2,0,1,"['#depressed', '#wemustgetridoftrump']",[],https://twitter.com/AloofObserver/status/1084257101160108033,False,,0,,,,,,,"[{'user_id': '18831261', 'username': 'AloofObserver'}]",,,,
991625443592867845,991625443592867845,1525256903000,2018-05-02,13:28:23,?aeianei? ?na GTB,18831261,aloofobserver,Vincent E. Williams,,The problem with life is that you have to lead one.  I don't want to lead mine anymore.   #depressed,[],[],[],0,0,0,['#depressed'],[],https://twitter.com/AloofObserver/status/991625443592867845,False,,0,,,,,,,"[{'user_id': '18831261', 'username': 'AloofObserver'}]",,,,
991186600246824960,991186600246824960,1525152275000,2018-05-01,08:24:35,?aeianei? ?na GTB,18831261,aloofobserver,Vincent E. Williams,,My life is a nightmare.   #depressed,[],[],[],0,0,0,['#depressed'],[],https://twitter.com/AloofObserver/status/991186600246824960,False,,0,,,,,,,"[{'user_id': '18831261', 'username': 'AloofObserver'}]",,,,
991036435359764480,991036435359764480,1525116473000,2018-04-30,22:27:53,?aeianei? ?na GTB,18831261,aloofobserver,Vincent E. Williams,,"Look at all these people living active, happy lives.  Now look at me.  It's very difficult.  #depressed",[],[],[],0,0,0,['#depressed'],[],https://twitter.com/AloofObserver/status/991036435359764480,False,,0,,,,,,,"[{'user_id': '18831261', 'username': 'AloofObserver'}]",,,,
990797574742396930,990797574742396930,1525059524000,2018-04-30,06:38:44,?aeianei? ?na GTB,18831261,aloofobserver,Vincent E. Williams,,I've never shown any personal growth other than getting fat.  #depressed,[],[],[],0,0,0,['#depressed'],[],https://twitter.com/AloofObserver/status/990797574742396930,False,,0,,,,,,,"[{'user_id': '18831261', 'username': 'AloofObserver'}]",,,,
990567731153063936,990567731153063936,1525004725000,2018-04-29,15:25:25,?aeianei? ?na GTB,18831261,aloofobserver,Vincent E. Williams,,My life sucks.  Just waiting to die.  #depressed,[],[],[],0,0,0,['#depressed'],[],https://twitter.com/AloofObserver/status/990567731153063936,False,,0,,,,,,,"[{'user_id': '18831261', 'username': 'AloofObserver'}]",,,,
989285376442462209,989285376442462209,1524698988000,2018-04-26,02:29:48,?aeianei? ?na GTB,18831261,aloofobserver,Vincent E. Williams,,My days are long and empty.  I'd rather be dead. #depressed,[],[],[],0,0,0,['#depressed'],[],https://twitter.com/AloofObserver/status/989285376442462209,False,,0,,,,,,,"[{'user_id': '18831261', 'username': 'AloofObserver'}]",,,,
986056866408095744,986056866408095744,1523929251000,2018-04-17,04:40:51,?aeianei? ?na GTB,18831261,aloofobserver,Vincent E. Williams,,"I need some love.  Nothing special, just a kind word.  #depressed #lonely",[],[],[],0,0,0,"['#depressed', '#lonely']",[],https://twitter.com/AloofObserver/status/986056866408095744,False,,0,,,,,,,"[{'user_id': '18831261', 'username': 'AloofObserver'}]",,,,
821954824426127361,821954824426127361,1484804275000,2017-01-19,07:37:55,?aeianei? ?na GTB,18831261,aloofobserver,Vincent E. Williams,,I don't know how I get through the days.  #depressed.  Yes I do.  #Yahweh.,[],[],[],0,0,0,"['#depressed', '#yahweh']",[],https://twitter.com/AloofObserver/status/821954824426127361,False,,0,,,,,,,"[{'user_id': '18831261', 'username': 'AloofObserver'}]",,,,
819813844281217024,819813844281217024,1484293826000,2017-01-13,09:50:26,?aeianei? ?na GTB,18831261,aloofobserver,Vincent E. Williams,,"I've had struggles almost throughout my entire life, but nothing seems to be going well for me right now.  #depressed.",[],[],[],0,0,0,['#depressed'],[],https://twitter.com/AloofObserver/status/819813844281217024,False,,0,,,,,,,"[{'user_id': '18831261', 'username': 'AloofObserver'}]",,,,
813630779448295424,813630779448295424,1482819669000,2016-12-27,08:21:09,?aeianei? ?na GTB,18831261,aloofobserver,Vincent E. Williams,,"I'm always uncomfortable, especially now that I've picked up so much weight.  I'm the heaviest I've ever been in my life.  #depressed.",[],[],[],0,0,0,['#depressed'],[],https://twitter.com/AloofObserver/status/813630779448295424,False,,0,,,,,,,"[{'user_id': '18831261', 'username': 'AloofObserver'}]",,,,
812162098415407104,812162098415407104,1482469508000,2016-12-23,07:05:08,?aeianei? ?na GTB,18831261,aloofobserver,Vincent E. Williams,,"When I was a little boy, I never dreamed I'd end up like this.  #depressed.",[],[],[],0,0,0,['#depressed'],[],https://twitter.com/AloofObserver/status/812162098415407104,False,,0,,,,,,,"[{'user_id': '18831261', 'username': 'AloofObserver'}]",,,,
724849307044687873,724849307044687873,1461652516000,2016-04-26,09:35:16,?aeianei? ?na GTB,18831261,aloofobserver,Vincent E. Williams,,All this rain in #Detroit tonight.  I see why Seattle is considered the suicide capital of the US. #Sad #Depressed #Hopeless,[],[],[],0,0,0,"['#detroit', '#sad', '#depressed', '#hopeless']",[],https://twitter.com/AloofObserver/status/724849307044687873,False,,0,,,,,,,"[{'user_id': '18831261', 'username': 'AloofObserver'}]",,,,
716024172795793408,716024172795793408,1459548440000,2016-04-02,01:07:20,?aeianei? ?na GTB,18831261,aloofobserver,Vincent E. Williams,,Michael Jackson - Leave Me Alone  https://youtu.be/crbFmpezO4AÂ  via @YouTube  Sometimes we all need to be left alone.  #Depressed,['youtube'],['https://youtu.be/crbFmpezO4A'],[],0,0,0,['#depressed'],[],https://twitter.com/AloofObserver/status/716024172795793408,False,,0,,,,,,,"[{'user_id': '18831261', 'username': 'AloofObserver'}, {'user_id': '10228272', 'username': 'YouTube'}]",,,,
702634565475631104,702634565475631104,1456356109000,2016-02-25,01:21:49,?aeianei? ?na GTB,18831261,aloofobserver,Vincent E. Williams,,"Alone again, naturally.  #Lonely #Depressed",[],[],[],0,0,0,"['#lonely', '#depressed']",[],https://twitter.com/AloofObserver/status/702634565475631104,False,,0,,,,,,,"[{'user_id': '18831261', 'username': 'AloofObserver'}]",,,,
691758606690156544,691758606690156544,1453763078000,2016-01-26,01:04:38,?aeianei? ?na GTB,18831261,aloofobserver,Vincent E. Williams,,"I love, but can't be loved, because I don't like me.  #Trapped #Pathetic #Sad #Depressed #Forlorn",[],[],[],0,0,0,"['#trapped', '#pathetic', '#sad', '#depressed', '#forlorn']",[],https://twitter.com/AloofObserver/status/691758606690156544,False,,0,,,,,,,"[{'user_id': '18831261', 'username': 'AloofObserver'}]",,,,
449296673815003136,449296673815003136,1395955649000,2014-03-27,23:27:29,?aeianei? ?na GTB,18831261,aloofobserver,Vincent E. Williams,,There are only 6 occupied houses on my block.  The rest are abandoned houses or vacant lots.  #Depressed #Poor #Detroit.  Yahweh help me.,[],[],[],0,0,0,"['#depressed', '#poor', '#detroit']",[],https://twitter.com/AloofObserver/status/449296673815003136,False,,0,,,,,,,"[{'user_id': '18831261', 'username': 'AloofObserver'}]",,,,
403353414723059712,403353414723059712,1385001922000,2013-11-21,04:45:22,?aeianei? ?na GTB,18831261,aloofobserver,Vincent E. Williams,,"Reviewing medical bills, Social Security Disability info and Tax bills.  #Depressed.",[],[],[],0,0,0,['#depressed'],[],https://twitter.com/AloofObserver/status/403353414723059712,False,,0,,,,,,,"[{'user_id': '18831261', 'username': 'AloofObserver'}]",,,,
376528937062387712,376528937062387712,1378606468000,2013-09-08,05:14:28,?aeianei? ?na GTB,18831261,aloofobserver,Vincent E. Williams,,"I really am sorry that her pussy is #depressed.  Yup, that's what she tweeted.",[],[],[],0,0,0,['#depressed'],[],https://twitter.com/AloofObserver/status/376528937062387712,False,,0,,,,,,,"[{'user_id': '18831261', 'username': 'AloofObserver'}]",,,,
372708807886921728,372708807886921728,1377695679000,2013-08-28,16:14:39,?aeianei? ?na GTB,18831261,aloofobserver,Vincent E. Williams,,"When I was young and had emotional problems, I'd stay at home and let life pass me by.  Now I can't wait until it finishes. #depressed",[],[],[],0,0,0,['#depressed'],[],https://twitter.com/AloofObserver/status/372708807886921728,False,,0,,,,,,,"[{'user_id': '18831261', 'username': 'AloofObserver'}]",,,,
330468917665476608,330468917665476608,1367624904000,2013-05-04,02:48:24,?aeianei? ?na GTB,18831261,aloofobserver,Vincent E. Williams,,Tried to kill 2 bees that somehow got in my house and I broke the window.  Got in a car accident which was my fault.   #Depressed,[],[],[],0,0,0,['#depressed'],[],https://twitter.com/AloofObserver/status/330468917665476608,False,,0,,,,,,,"[{'user_id': '18831261', 'username': 'AloofObserver'}]",,,,
315905882665910272,315905882665910272,1364152806000,2013-03-24,21:20:06,?aeianei? ?na GTB,18831261,aloofobserver,Vincent E. Williams,,Living from check to check sucks.  The idea of death gets more appealing as I get older.  #depressed,[],[],[],1,0,0,['#depressed'],[],https://twitter.com/AloofObserver/status/315905882665910272,False,,0,,,,,,,"[{'user_id': '18831261', 'username': 'AloofObserver'}]",,,,
284912810675302400,284912810675302400,1356763482000,2012-12-29,08:44:42,?aeianei? ?na GTB,18831261,aloofobserver,Vincent E. Williams,,I have no social life.  I'm socially inept. Need to take myself to sleep before I start to cry.  #bipolar #depressed #lonely,[],[],[],0,0,0,"['#bipolar', '#depressed', '#lonely']",[],https://twitter.com/AloofObserver/status/284912810675302400,False,,0,,,,,,,"[{'user_id': '18831261', 'username': 'AloofObserver'}]",,,,
240562207119773696,240562207119773696,1346189474000,2012-08-29,00:31:14,?aeianei? ?na GTB,18831261,aloofobserver,Vincent E. Williams,,If I was alone it would be time to cry again.  #depressed #bipolar #bewildered #forlorn #tired #frustrated #sad #lonely #pathetic,[],[],[],0,0,0,"['#depressed', '#bipolar', '#bewildered', '#forlorn', '#tired', '#frustrated', '#sad', '#lonely', '#pathetic']",[],https://twitter.com/AloofObserver/status/240562207119773696,False,,0,,,,,,,"[{'user_id': '18831261', 'username': 'AloofObserver'}]",,,,
237723502814298112,237723502814298112,1345512674000,2012-08-21,04:31:14,?aeianei? ?na GTB,18831261,aloofobserver,Vincent E. Williams,,I don't like myself.  Right now.  #depressed,[],[],[],0,0,0,['#depressed'],[],https://twitter.com/AloofObserver/status/237723502814298112,False,,0,,,,,,,"[{'user_id': '18831261', 'username': 'AloofObserver'}]",,,,
235066699966193665,235066699966193665,1344879243000,2012-08-13,20:34:03,?aeianei? ?na GTB,18831261,aloofobserver,Vincent E. Williams,,"I'm not in the right frame of mind to go to work, but I have to.  #depressed",[],[],[],0,0,0,['#depressed'],[],https://twitter.com/AloofObserver/status/235066699966193665,False,,0,,,,,,,"[{'user_id': '18831261', 'username': 'AloofObserver'}]",,,,
212317252110917634,212317252110917634,1339455352000,2012-06-12,01:55:52,?aeianei? ?na GTB,18831261,aloofobserver,Vincent E. Williams,,Feeling out of sorts and overwhelmed as I return to work from a week of being off.  #Depressed,[],[],[],0,0,0,['#depressed'],[],https://twitter.com/AloofObserver/status/212317252110917634,False,,0,,,,,,,"[{'user_id': '18831261', 'username': 'AloofObserver'}]",,,,
156512642645757953,156512642645757953,1326150496000,2012-01-10,01:08:16,?aeianei? ?na GTB,18831261,aloofobserver,Vincent E. Williams,,My Prozac hasn't been doing the job lately.  #Depressed,[],[],[],0,0,0,['#depressed'],[],https://twitter.com/AloofObserver/status/156512642645757953,False,,0,,,,,,,"[{'user_id': '18831261', 'username': 'AloofObserver'}]",,,,
156500282040258560,156500282040258560,1326147549000,2012-01-10,00:19:09,?aeianei? ?na GTB,18831261,aloofobserver,Vincent E. Williams,,I'm tired and my powers of concentration are greatly diminished at this point in time.  #Depressed,[],[],[],0,0,0,['#depressed'],[],https://twitter.com/AloofObserver/status/156500282040258560,False,,0,,,,,,,"[{'user_id': '18831261', 'username': 'AloofObserver'}]",,,,
550422958897131520,550422958897131520,1420066034000,2015-01-01,00:47:14,?aeianei? ?na GTB,310364105,ward_kerry1,Kerry ;â¤,,Bought a lottery ticket again for tonight in the hope I'll win enough to escape Saturday til Monday to clear my head a bit #depressed #sad,[],[],[],0,0,0,"['#depressed', '#sad']",[],https://twitter.com/ward_kerry1/status/550422958897131520,False,,0,,,,,,,"[{'user_id': '310364105', 'username': 'ward_kerry1'}]",,,,
170167125544140803,170167125544140803,1329405978000,2012-02-16,17:26:18,?aeianei? ?na GTB,199830671,tweetinketan,Ketan Morris,,I wish someone would surprise me and cheer me up #depressed,[],[],[],0,0,0,['#depressed'],[],https://twitter.com/tweetinketan/status/170167125544140803,False,,0,,,,,,,"[{'user_id': '199830671', 'username': 'tweetinketan'}]",,,,
608019150498242560,608019150498242560,1433798036000,2015-06-09,00:13:56,?aeianei? ?na GTB,314594653,estherskingdom,Scepter of Grace,,"If anyone is feeling #lonely, #depressed, #sad, #angry #afraid...Here's #GoodNews..THE KINGDOM IS STILL COMING!! PRAISE KING JESUS!!",[],[],[],0,0,0,"['#lonely', '#depressed', '#sad', '#angry', '#afraid', '#goodnews']",[],https://twitter.com/Estherskingdom/status/608019150498242560,False,,0,,,,,,,"[{'user_id': '314594653', 'username': 'Estherskingdom'}]",,,,
939105388955189248,939105388955189248,1512735147000,2017-12-08,14:12:27,?aeianei? ?na GTB,2380892117,afr365,april70,,"Sudbury or bust? Fricken doctors...so tired of this...
3 hrs north...#cancer #SickNotWeak I am #depressed and full of #anxiety pic.twitter.com/2DEXYb9ref",[],[],['https://pbs.twimg.com/media/DQhfXwtVwAAGmW4.jpg'],4,4,24,"['#cancer', '#sicknotweak', '#depressed', '#anxiety']",[],https://twitter.com/AFR365/status/939105388955189248,False,,0,,,,,,,"[{'user_id': '2380892117', 'username': 'AFR365'}]",,,,
854686993183367170,854686993183367170,1492608233000,2017-04-19,16:23:53,?aeianei? ?na GTB,2380892117,afr365,april70,,"Got up. Got mail. Got knocked down. Back in hole. Hide.
#anxiety #depressed #judged #Cptsd #DID #TalkMH #Sicknotweak",[],[],[],2,2,7,"['#anxiety', '#depressed', '#judged', '#cptsd', '#did', '#talkmh', '#sicknotweak']",[],https://twitter.com/AFR365/status/854686993183367170,False,,0,,,,,,,"[{'user_id': '2380892117', 'username': 'AFR365'}]",,,,
854282472799993856,854282472799993856,1492511787000,2017-04-18,13:36:27,?aeianei? ?na GTB,2380892117,afr365,april70,,I am not quitting. I am not quitting. This mantra....I am so blue. No light... #anxiety #alone #depressed #SickNotWeak #abandoned pic.twitter.com/sg7illaELE,[],[],[],5,2,9,"['#anxiety', '#alone', '#depressed', '#sicknotweak', '#abandoned']",[],https://twitter.com/AFR365/status/854282472799993856,False,,1,,,,,,,"[{'user_id': '2380892117', 'username': 'AFR365'}]",,,,
852964993016496128,852326791624765440,1492197676000,2017-04-14,22:21:16,?aeianei? ?na GTB,2380892117,afr365,april70,,I am in a bad mind place today. Feeling alone in myself #depressed #anxiety #DID #Cptsd #cancer,['heylandsberg'],[],[],2,0,3,"['#depressed', '#anxiety', '#did', '#cptsd', '#cancer']",[],https://twitter.com/AFR365/status/852964993016496128,False,,0,,,,,,,"[{'user_id': '2380892117', 'username': 'AFR365'}, {'user_id': '27092492', 'username': 'heylandsberg'}]",,,,
1114534765896531971,1114534765896531971,1554560769000,2019-04-06,17:26:09,?aeianei? ?na GTB,726908994200174592,pippaprice3,Nefilian,,I was really #depressed then I found a tiny pencil :) x  pic.twitter.com/l3asbRv7Wo,[],[],['https://pbs.twimg.com/media/D3efcfBWwAE7EwV.jpg'],0,0,1,['#depressed'],[],https://twitter.com/Pippaprice3/status/1114534765896531971,False,,0,,,,,,,"[{'user_id': '726908994200174592', 'username': 'Pippaprice3'}]",,,,
530990619762909184,530990619762909184,1415433003000,2014-11-08,09:50:03,?aeianei? ?na GTB,522663778,torie_sweetcake,Torie Boal,,Just need 1 day were you dont make me regret it all..1 day were you dont make me feel like shit..is that too much to ask? #Depressed #Why?!,[],[],[],0,0,0,"['#depressed', '#why']",[],https://twitter.com/Torie_Sweetcake/status/530990619762909184,False,,0,,,,,,,"[{'user_id': '522663778', 'username': 'Torie_Sweetcake'}]",,,,
